主族群,細分產品,國家,排名,代碼,公司,產業地位
科技(綜合),Semiconductors,美,1,MU,Micron Technology Inc. Common Stock,(底層分類，來自Nasdaq官方sector/industry)
記憶體,DRAM/NAND/HBM,美,1,MU,Micron Technology Inc. Common Stock,全球記憶體大廠
科技(綜合),Semiconductors,美,2,AMD,Advanced Micro Devices Inc. Common Stock,(底層分類，來自Nasdaq官方sector/industry)
IC設計,CPU/GPU,美,2,AMD,Advanced Micro Devices Inc. Common Stock,x86 CPU/GPU設計大廠
科技(綜合),Electronic Components,美,3,SNDK,Sandisk Corporation Common Stock,(底層分類，來自Nasdaq官方sector/industry)
記憶體,NAND Flash,美,3,SNDK,Sandisk Corporation Common Stock,NAND快閃記憶體廠(從WDC分拆)
科技(綜合),Semiconductors,美,4,NVDA,NVIDIA Corporation Common Stock,(底層分類，來自Nasdaq官方sector/industry)
IC設計,GPU/AI加速器,美,4,NVDA,NVIDIA Corporation Common Stock,全球AI晶片龍頭
工業,Auto Manufacturing,美,5,TSLA,Tesla Inc. Common Stock,(底層分類，來自Nasdaq官方sector/industry)
電動車/機器人,電動車與自駕AI/人形機器人,美,5,TSLA,Tesla Inc. Common Stock,全球電動車霸主/FSD全自動駕駛AI與Optimus人形機器人
科技(綜合),Semiconductors,美,6,INTC,Intel Corporation Common Stock,(底層分類，來自Nasdaq官方sector/industry)
晶圓代工,x86 CPU+晶圓代工(IDM),美,6,INTC,Intel Corporation Common Stock,IDM半導體大廠
科技(綜合),Computer Software: Programming Data Processing,美,7,SPCX,Space Exploration Technologies Corp. Class A Common Stock,(底層分類，來自Nasdaq官方sector/industry)
太空產業,火箭發射與低軌衛星,美,7,SPCX,Space Exploration Technologies Corp. Class A Common Stock,馬斯克創辦/全球航太發射與星鏈Starlink低軌衛星通訊霸主
科技(綜合),Computer Software: Prepackaged Software,美,8,MSFT,Microsoft Corporation Common Stock,(底層分類，來自Nasdaq官方sector/industry)
AI雲端/軟體,Azure雲端與Copilot,美,8,MSFT,Microsoft Corporation Common Stock,OpenAI最大股東/Azure AI算力雲端與企業AI軟體絕對霸主
科技(綜合),Computer Manufacturing,美,9,AAPL,Apple Inc. Common Stock,(底層分類，來自Nasdaq官方sector/industry)
AI雲端/軟體,消費電子與邊緣AI,美,9,AAPL,Apple Inc. Common Stock,全球消費電子龍頭/Apple Intelligence導入手機邊緣運算AI
科技(綜合),Semiconductors,美,10,AVGO,Broadcom Inc. Common Stock,(底層分類，來自Nasdaq官方sector/industry)
CPO/光通訊,網通交換晶片(CPO),美,10,AVGO,Broadcom Inc. Common Stock,Tomahawk系列CPO交換晶片
科技(綜合),Computer Software: Programming Data Processing,美,11,META,Meta Platforms Inc. Class A Common Stock,(底層分類，來自Nasdaq官方sector/industry)
AI雲端/軟體,開源AI模型與社群廣告,美,11,META,Meta Platforms Inc. Class A Common Stock,Llama開源AI模型推手/AI演算法優化全球社群平台廣告
科技(綜合),Semiconductors,美,12,MRVL,Marvell Technology Inc. Common Stock,(底層分類，來自Nasdaq官方sector/industry)
CPO/光通訊,光學互連晶片(CPO/AEC),美,12,MRVL,Marvell Technology Inc. Common Stock,AI網路矽光子互連晶片核心供應商
科技(綜合),Semiconductors,美,13,TSM,Taiwan Semiconductor Manufacturing Company Ltd.,(底層分類，來自Nasdaq官方sector/industry)
晶圓代工,邏輯晶圓代工,美,13,TSM,Taiwan Semiconductor Manufacturing Company Ltd.,全球晶圓代工龍頭
CPO/光通訊,矽光子封裝平台(COUPE),美,13,TSM,Taiwan Semiconductor Manufacturing Company Ltd.,新技術布局
消費(非必需),Catalog/Specialty Distribution,美,14,AMZN,Amazon.com Inc. Common Stock,(底層分類，來自Nasdaq官方sector/industry)
AI雲端/軟體,AWS雲端與自研AI晶片,美,14,AMZN,Amazon.com Inc. Common Stock,全球最大雲端服務商AWS/自研Trainium Inferentia AI晶片
科技(綜合),Computer Software: Programming Data Processing,美,15,GOOGL,Alphabet Inc. Class A Common Stock,(底層分類，來自Nasdaq官方sector/industry)
AI雲端/軟體,搜尋引擎與GCP/Gemini AI,美,15,GOOGL,Alphabet Inc. Class A Common Stock,全球搜尋引擎霸主/Gemini AI大模型與自研TPU晶片
科技(綜合),Electronic Components,美,16,WDC,Western Digital Corporation Common Stock,(底層分類，來自Nasdaq官方sector/industry)
記憶體,硬碟+NAND快閃,美,16,WDC,Western Digital Corporation Common Stock,儲存裝置大廠
科技(綜合),Computer Software: Prepackaged Software,美,17,PLTR,Palantir Technologies Inc. Class A Common Stock,(底層分類，來自Nasdaq官方sector/industry)
AI/軟體服務,AI數據分析平台,美,17,PLTR,Palantir Technologies Inc. Class A Common Stock,AI數據分析平台廠
科技(綜合),Industrial Machinery/Components,美,18,ASML,ASML Holding N.V. New York Registry Shares,(底層分類，來自Nasdaq官方sector/industry)
半導體設備,EUV曝光設備,美,18,ASML,ASML Holding N.V. New York Registry Shares,EUV曝光設備獨佔廠商
科技(綜合),Computer Software: Programming Data Processing,美,19,NBIS,Nebius Group N.V. Class A Ordinary Shares,(底層分類，來自Nasdaq官方sector/industry)
AI雲端,GPU雲端服務,美,19,NBIS,Nebius Group N.V. Class A Ordinary Shares,GPU雲端服務廠
科技(綜合),Computer Software: Programming Data Processing,美,20,GOOG,Alphabet Inc. Class C Capital Stock,(底層分類，來自Nasdaq官方sector/industry)
AI雲端/軟體,搜尋引擎與GCP/Gemini AI,美,20,GOOG,Alphabet Inc. Class C Capital Stock,全球搜尋引擎霸主/Gemini AI大模型與自研TPU晶片
科技(綜合),Computer Software: Prepackaged Software,美,21,ORCL,Oracle Corporation Common Stock,(底層分類，來自Nasdaq官方sector/industry)
AI雲端/軟體,OCI雲端與企業資料庫,美,21,ORCL,Oracle Corporation Common Stock,全球資料庫巨頭/積極建置OCI高效能AI算力雲端資料中心
科技(綜合),Semiconductors,美,22,AMAT,Applied Materials Inc. Common Stock,(底層分類，來自Nasdaq官方sector/industry)
半導體設備,綜合設備(沉積/蝕刻),美,22,AMAT,Applied Materials Inc. Common Stock,全球半導體設備龍頭
能源,Industrial Machinery/Components,美,23,BE,Bloom Energy Corporation Class A Common Stock,(底層分類，來自Nasdaq官方sector/industry)
電池/儲能,燃料電池,美,23,BE,Bloom Energy Corporation Class A Common Stock,燃料電池發電廠
未分類,未分類,美,24,GEV,GE Vernova Inc. Common Stock,(底層分類，來自Nasdaq官方sector/industry)
電力設備,電網與發電設備,美,24,GEV,GE Vernova Inc. Common Stock,GE分拆之能源基礎設施大廠/受惠AI資料中心電網升級需求
科技(綜合),Computer Manufacturing,美,25,DELL,Dell Technologies Inc. Class C Common Stock ,(底層分類，來自Nasdaq官方sector/industry)
AI伺服器,伺服器/電腦系統,美,25,DELL,Dell Technologies Inc. Class C Common Stock ,伺服器/電腦系統大廠
科技(綜合),EDP Services,美,26,IREN,IREN Limited Ordinary Shares,(底層分類，來自Nasdaq官方sector/industry)
AI雲端,GPU雲端/算力,美,26,IREN,IREN Limited Ordinary Shares,GPU雲端算力廠
科技(綜合),Computer Software: Prepackaged Software,美,27,MSTR,Strategy Inc Common Stock Class A,(底層分類，來自Nasdaq官方sector/industry)
加密貨幣,比特幣持有/軟體,美,27,MSTR,Strategy Inc Common Stock Class A,比特幣儲備策略公司
科技(綜合),Electronic Components,美,28,STX,Seagate Technology Holdings PLC Ordinary Shares (Ireland),(底層分類，來自Nasdaq官方sector/industry)
記憶體,硬碟儲存,美,28,STX,Seagate Technology Holdings PLC Ordinary Shares (Ireland),硬碟儲存裝置大廠
消費(非必需),Business Services,美,29,V,Visa Inc.,(底層分類，來自Nasdaq官方sector/industry)
金融,信用卡支付網絡,美,29,V,Visa Inc.,全球最大信用卡與支付清算網絡(Visa)
科技(綜合),EDP Services,美,30,WULF,TeraWulf Inc. Common Stock,(底層分類，來自Nasdaq官方sector/industry)
加密貨幣,比特幣挖礦/AI算力,美,30,WULF,TeraWulf Inc. Common Stock,比特幣挖礦/轉型AI算力
科技(綜合),Radio And Television Broadcasting And Communications Equipment,美,31,QCOM,QUALCOMM Incorporated Common Stock,(底層分類，來自Nasdaq官方sector/industry)
IC設計,手機/通訊晶片,美,31,QCOM,QUALCOMM Incorporated Common Stock,手機SoC/基頻晶片龍頭
電信,Telecommunications Equipment,美,32,LITE,Lumentum Holdings Inc. Common Stock,(底層分類，來自Nasdaq官方sector/industry)
CPO/光通訊,雷射光源/光學元件,美,32,LITE,Lumentum Holdings Inc. Common Stock,AI資料中心光通訊核心供應商
科技(綜合),Industrial Machinery/Components,美,33,LRCX,Lam Research Corporation Common Stock,(底層分類，來自Nasdaq官方sector/industry)
半導體設備,蝕刻/薄膜沉積設備,美,33,LRCX,Lam Research Corporation Common Stock,半導體設備大廠
工業,Telecommunications Equipment,美,34,GLW,Corning Incorporated Common Stock,(底層分類，來自Nasdaq官方sector/industry)
CPO/光通訊,光纖/玻璃材料,美,34,GLW,Corning Incorporated Common Stock,全球光纖材料龍頭
科技(綜合),Computer peripheral equipment,美,35,PANW,Palo Alto Networks Inc. Common Stock,(底層分類，來自Nasdaq官方sector/industry)
AI雲端/軟體,AI網路資安防護,美,35,PANW,Palo Alto Networks Inc. Common Stock,全球網路安全龍頭/生成式AI整合資安防護與威脅偵測
科技(綜合),Semiconductors,美,36,CRDO,Credo Technology Group Holding Ltd Ordinary Shares,(底層分類，來自Nasdaq官方sector/industry)
CPO/光通訊,高速互連晶片(SerDes/AEC),美,36,CRDO,Credo Technology Group Holding Ltd Ordinary Shares,AI網路互連核心供應商
科技(綜合),Computer Software: Prepackaged Software,美,37,CRWV,CoreWeave Inc. Class A Common Stock,(底層分類，來自Nasdaq官方sector/industry)
AI雲端,GPU雲端服務,美,37,CRWV,CoreWeave Inc. Class A Common Stock,GPU雲端服務廠
金融,Investment Bankers/Brokers/Service,美,38,HOOD,Robinhood Markets Inc. Class A Common Stock,(底層分類，來自Nasdaq官方sector/industry)
金融科技,零佣金證券與加密交易,美,38,HOOD,Robinhood Markets Inc. Class A Common Stock,美國散戶最愛零佣金券商/亦提供加密貨幣交易平台(Robinhood)
消費(非必需),Consumer Electronics/Video Chains,美,39,NFLX,Netflix Inc. Common Stock,(底層分類，來自Nasdaq官方sector/industry)
AI雲端/軟體,串流影音與AI推薦,美,39,NFLX,Netflix Inc. Common Stock,全球串流影音霸主/深度利用AI進行內容推薦與影音編碼優化
科技(綜合),Semiconductors,美,40,ALAB,Astera Labs Inc. Common Stock,(底層分類，來自Nasdaq官方sector/industry)
CPO/光通訊,高速連接晶片(AI互連),美,40,ALAB,Astera Labs Inc. Common Stock,AI伺服器互連晶片廠
科技(綜合),Computer Software: Prepackaged Software,美,41,CRWD,CrowdStrike Holdings Inc. Class A Common Stock,(底層分類，來自Nasdaq官方sector/industry)
AI雲端/軟體,AI驅動終端資安(EDR),美,41,CRWD,CrowdStrike Holdings Inc. Class A Common Stock,AI驅動雲端原生終端安全防護EDR絕對龍頭(CrowdStrike)
生技醫藥,Biotechnology: Pharmaceutical Preparations,美,42,LLY,Eli Lilly and Company Common Stock,(底層分類，來自Nasdaq官方sector/industry)
生技醫藥,GLP-1減肥藥與新藥研發,美,42,LLY,Eli Lilly and Company Common Stock,全球市值最大藥廠/GLP-1減肥藥Zepbound稱霸(禮來)
工業,Construction/Ag Equipment/Trucks,美,43,CAT,Caterpillar Inc. Common Stock,(底層分類，來自Nasdaq官方sector/industry)
傳統產業,建築與礦業機具/自動化,美,43,CAT,Caterpillar Inc. Common Stock,全球重型工程機具龍頭/發展自動駕駛無人化礦區機具(卡特彼勒)
科技(綜合),Electronic Components,美,44,KLAC,KLA Corporation Common Stock,(底層分類，來自Nasdaq官方sector/industry)
封測(OSAT/測試),前段製程檢測設備,美,44,KLAC,KLA Corporation Common Stock,晶圓製程良率檢測設備
科技(綜合),Semiconductors,美,45,ARM,Arm Holdings plc American Depositary Shares,(底層分類，來自Nasdaq官方sector/industry)
IC設計,處理器IP授權,美,45,ARM,Arm Holdings plc American Depositary Shares,全球處理器IP授權龍頭
工業,Military/Government/Technical,美,46,RKLB,Rocket Lab Corporation Common Stock,(底層分類，來自Nasdaq官方sector/industry)
太空產業,火箭發射服務,美,46,RKLB,Rocket Lab Corporation Common Stock,商業火箭發射公司
科技(綜合),Computer Software: Prepackaged Software,美,47,NOW,ServiceNow Inc. Common Stock,(底層分類，來自Nasdaq官方sector/industry)
AI雲端/軟體,企業IT工作流SaaS,美,47,NOW,ServiceNow Inc. Common Stock,企業數位轉型SaaS巨頭/整合生成式AI輔助工作流(ServiceNow)
科技(綜合),Industrial Machinery/Components,美,48,VRT,Vertiv Holdings LLC Class A Common Stock,(底層分類，來自Nasdaq官方sector/industry)
AI伺服器,資料中心電力/散熱基礎設施,美,48,VRT,Vertiv Holdings LLC Class A Common Stock,資料中心關鍵基礎設施廠
消費(非必需),Department/Specialty Retail Stores,美,49,WMT,Walmart Inc. Common Stock,(底層分類，來自Nasdaq官方sector/industry)
傳統消費,實體零售與電商,美,49,WMT,Walmart Inc. Common Stock,全球最大實體零售連鎖量販霸主/AI優化龐大供應鏈(沃爾瑪)
科技(綜合),Computer Software: Prepackaged Software,美,50,LHSW,Lianhe Sowell International Group Ltd Class A Ordinary Shares,(底層分類，來自Nasdaq官方sector/industry)
生技醫藥,Medical Specialities,美,51,UNH,UnitedHealth Group Incorporated Common Stock (DE),(底層分類，來自Nasdaq官方sector/industry)
生技醫藥,健康保險與醫療服務,美,51,UNH,UnitedHealth Group Incorporated Common Stock (DE),美國最大健康保險及管理式醫療保健服務商(聯合健康)
金融,Major Banks,美,52,BAC,Bank of America Corporation Common Stock,(底層分類，來自Nasdaq官方sector/industry)
金融,商業銀行與財富管理,美,52,BAC,Bank of America Corporation Common Stock,美國第二大商業銀行(美國銀行)
消費(非必需),Restaurants,美,53,MCD,McDonald's Corporation Common Stock,(底層分類，來自Nasdaq官方sector/industry)
傳統消費,快速餐飲,美,53,MCD,McDonald's Corporation Common Stock,全球最大連鎖速食餐飲霸主(麥當勞)
科技(綜合),Computer Manufacturing,美,54,IBM,International Business Machines Corporation Common Stock,(底層分類，來自Nasdaq官方sector/industry)
AI雲端/軟體,企業混合雲與watsonx AI,美,54,IBM,International Business Machines Corporation Common Stock,老牌科技巨頭/企業混合雲watsonx AI平台與量子計算先驅
科技(綜合),Semiconductors,美,55,AAOI,Applied Optoelectronics Inc. Common Stock,(底層分類，來自Nasdaq官方sector/industry)
CPO/光通訊,光收發模組,美,55,AAOI,Applied Optoelectronics Inc. Common Stock,資料中心光收發模組廠
未分類,未分類,美,56,BRK/B,Berkshire Hathaway Inc.,(底層分類，來自Nasdaq官方sector/industry)
金融,多元控股投資,美,56,BRK/B,Berkshire Hathaway Inc.,巴菲特掌舵的全球最大跨國投資控股集團(伯克希爾)
傳統消費,Beverages (Production/Distribution),美,57,KO,Coca-Cola Company (The) Common Stock,(底層分類，來自Nasdaq官方sector/industry)
傳統消費,無酒精飲料,美,57,KO,Coca-Cola Company (The) Common Stock,全球最大非酒精飲料製造與銷售巨頭(可口可樂)
金融,Major Banks,美,58,JPM,JP Morgan Chase & Co. Common Stock,(底層分類，來自Nasdaq官方sector/industry)
金融,投資銀行與商業銀行,美,58,JPM,JP Morgan Chase & Co. Common Stock,美國資產規模最大的商業與投資銀行巨頭(摩根大通)
工業,Electrical Products,美,59,TER,Teradyne Inc. Common Stock,(底層分類，來自Nasdaq官方sector/industry)
封測(OSAT/測試),半導體測試設備(ATE),美,59,TER,Teradyne Inc. Common Stock,半導體測試設備大廠
消費(非必需),Department/Specialty Retail Stores,美,60,COST,Costco Wholesale Corporation Common Stock,(底層分類，來自Nasdaq官方sector/industry)
傳統消費,倉儲量販,美,60,COST,Costco Wholesale Corporation Common Stock,全球會員制倉儲批發俱樂部零售龍頭(好市多)
科技(綜合),Electronic Components,美,61,COHR,Coherent Corp. Common Stock,(底層分類，來自Nasdaq官方sector/industry)
CPO/光通訊,光通訊模組/雷射,美,61,COHR,Coherent Corp. Common Stock,光通訊模組/雷射大廠
科技(綜合),Computer Software: Prepackaged Software,美,62,DDOG,Datadog Inc. Class A Common Stock,(底層分類，來自Nasdaq官方sector/industry)
AI雲端/軟體,雲端監控與安全分析,美,62,DDOG,Datadog Inc. Class A Common Stock,企業雲端基礎設施監控應用程式效能與日誌數據分析SaaS龍頭
生技醫藥,Biotechnology: Pharmaceutical Preparations,美,63,JNJ,Johnson & Johnson Common Stock,(底層分類，來自Nasdaq官方sector/industry)
生技醫藥,醫療器材與製藥,美,63,JNJ,Johnson & Johnson Common Stock,全球大型多元化醫療保健與製藥巨頭(嬌生)
生技醫藥,Biotechnology: Biological Products (No Diagnostic Substances),美,64,GILD,Gilead Sciences Inc. Common Stock,(底層分類，來自Nasdaq官方sector/industry)
生技醫藥,抗病毒藥物(HIV/C肝),美,64,GILD,Gilead Sciences Inc. Common Stock,全球抗病毒藥物研發巨頭/HIV與C型肝炎(吉利德)
科技(綜合),Computer Software: Prepackaged Software,美,65,CRM,Salesforce Inc. Common Stock,(底層分類，來自Nasdaq官方sector/industry)
AI雲端/軟體,CRM軟體與Einstein AI,美,65,CRM,Salesforce Inc. Common Stock,全球最大CRM軟體商/Einstein AI整合平台優化銷售預測
消費(非必需),Telecommunications Equipment,美,66,ASTS,AST SpaceMobile Inc. Class A Common Stock,(底層分類，來自Nasdaq官方sector/industry)
太空產業,衛星直連手機通訊,美,66,ASTS,AST SpaceMobile Inc. Class A Common Stock,衛星通訊新創
生技醫藥,Biotechnology: Pharmaceutical Preparations,美,67,PFE,Pfizer Inc. Common Stock,(底層分類，來自Nasdaq官方sector/industry)
生技醫藥,處方藥與疫苗,美,67,PFE,Pfizer Inc. Common Stock,全球大型製藥廠/新冠疫苗及多種處方藥(輝瑞)
科技(綜合),Semiconductors,美,68,AXTI,AXT Inc Common Stock,(底層分類，來自Nasdaq官方sector/industry)
化合物半導體,化合物半導體基板材料,美,68,AXTI,AXT Inc Common Stock,GaAs/InP基板材料廠
科技(綜合),Radio And Television Broadcasting And Communications Equipment,美,69,NOK,Nokia Corporation Sponsored American Depositary Shares,(底層分類，來自Nasdaq官方sector/industry)
網通設備,5G網通與基站設備,美,69,NOK,Nokia Corporation Sponsored American Depositary Shares,歐洲電信網路設備大廠/全球主要5G基地台供應商之一(諾基亞)
金融,Finance: Consumer Services,美,70,SOFI,SoFi Technologies Inc. Common Stock  ,(底層分類，來自Nasdaq官方sector/industry)
金融科技,純網銀與學生貸款,美,70,SOFI,SoFi Technologies Inc. Common Stock  ,美國知名數位原生個人金融與純網銀平台(SoFi)
電信,Computer Communications Equipment,美,71,CSCO,Cisco Systems Inc. Common Stock (DE),(底層分類，來自Nasdaq官方sector/industry)
CPO/光通訊,網通系統(布局CPO),美,71,CSCO,Cisco Systems Inc. Common Stock (DE),投入CPO交換器開發
科技(綜合),Computer Software: Programming Data Processing,美,72,APP,Applovin Corporation Class A Common Stock,(底層分類，來自Nasdaq官方sector/industry)
AI/軟體服務,AI行銷科技,美,72,APP,Applovin Corporation Class A Common Stock,AI行銷科技廠
科技(綜合),Semiconductors,美,73,TXN,Texas Instruments Incorporated Common Stock,(底層分類，來自Nasdaq官方sector/industry)
功率半導體,類比IC/電源管理,美,73,TXN,Texas Instruments Incorporated Common Stock,類比IC/電源管理芯片巨頭
電信,Telecommunications Equipment,美,74,T,AT&T Inc.,(底層分類，來自Nasdaq官方sector/industry)
電信,電信網路與光纖,美,74,T,AT&T Inc.,美國老牌大型電信運營商(AT&T)
能源,Integrated oil Companies,美,75,XOM,ExxonMobil Holdings Corporation Common Stock,(底層分類，來自Nasdaq官方sector/industry)
能源/電力,石油與天然氣,美,75,XOM,ExxonMobil Holdings Corporation Common Stock,全球最大非國營石油與天然氣超級巨頭(埃克森美孚)
消費(非必需),Business Services,美,76,MA,Mastercard Incorporated Common Stock,(底層分類，來自Nasdaq官方sector/industry)
金融,信用卡支付網絡,美,76,MA,Mastercard Incorporated Common Stock,全球第二大信用卡與支付清算網絡(Mastercard)
工業,Aerospace,美,77,HON,Honeywell International Inc. Common Stock,(底層分類，來自Nasdaq官方sector/industry)
軍工/國防,工業控制與航太系統,美,77,HON,Honeywell International Inc. Common Stock,全球多元化工業巨頭/航太自動控制與特殊材料(Honeywell)
消費(非必需),Shoe Manufacturing,美,78,NKE,Nike Inc. Common Stock,(底層分類，來自Nasdaq官方sector/industry)
傳統消費,運動鞋服,美,78,NKE,Nike Inc. Common Stock,全球最大運動鞋與服飾品牌(Nike)
科技(綜合),Computer Manufacturing,美,79,SMCI,Super Micro Computer Inc. Common Stock,(底層分類，來自Nasdaq官方sector/industry)
AI伺服器,伺服器系統,美,79,SMCI,Super Micro Computer Inc. Common Stock,AI伺服器系統廠
科技(綜合),Semiconductors,美,80,CBRS,Cerebras Systems Inc. Class A Common Stock,(底層分類，來自Nasdaq官方sector/industry)
IC設計,晶圓級AI晶片,美,80,CBRS,Cerebras Systems Inc. Class A Common Stock,Cerebras晶圓級AI晶片廠
消費(非必需),Business Services,美,81,MBGL,Mobility Global Inc. Common Stock,(底層分類，來自Nasdaq官方sector/industry)
金融,Finance: Consumer Services,美,82,COIN,Coinbase Global Inc. Class A Common Stock,(底層分類，來自Nasdaq官方sector/industry)
加密貨幣,加密貨幣交易所,美,82,COIN,Coinbase Global Inc. Class A Common Stock,美國最大加密貨幣交易所
工業,Aerospace,美,83,BA,Boeing Company (The) Common Stock,(底層分類，來自Nasdaq官方sector/industry)
軍工/國防,軍用/商用飛機,美,83,BA,Boeing Company (The) Common Stock,波音
電信,Computer Communications Equipment,美,84,ANET,Arista Networks Inc. Common Stock,(底層分類，來自Nasdaq官方sector/industry)
AI伺服器,網路交換器,美,84,ANET,Arista Networks Inc. Common Stock,AI資料中心網路交換器廠
工業,Aerospace,美,85,SOLS,Solstice Advanced Materials Inc. Common Stock ,(底層分類，來自Nasdaq官方sector/industry)
消費(非必需),Business Services,美,86,BABA,Alibaba Group Holding Limited American Depositary Shares each representing eight Ordinary share,(底層分類，來自Nasdaq官方sector/industry)
AI雲端/軟體,電商與阿里雲/開源AI,美,86,BABA,Alibaba Group Holding Limited American Depositary Shares each representing eight Ordinary share,中國最大電商集團/阿里雲AI基礎設施與開源AI模型(阿里巴巴)
工業,Aerospace,美,87,HONA,Honeywell Aerospace Inc. Common Stock ,(底層分類，來自Nasdaq官方sector/industry)
科技(綜合),EDP Services,美,88,PDD,PDD Holdings Inc. American Depositary Shares,(底層分類，來自Nasdaq官方sector/industry)
傳統消費,跨境電商Temu,美,88,PDD,PDD Holdings Inc. American Depositary Shares,中國拼多多及全球強勢跨境電商Temu母公司
電信,Telecommunications Equipment,美,89,VZ,Verizon Communications Inc. Common Stock,(底層分類，來自Nasdaq官方sector/industry)
電信,5G與電信網路,美,89,VZ,Verizon Communications Inc. Common Stock,美國最大行動通訊與電信運營商(Verizon)
能源,Integrated oil Companies,美,90,CVX,Chevron Corporation Common Stock,(底層分類，來自Nasdaq官方sector/industry)
能源/電力,石油與天然氣,美,90,CVX,Chevron Corporation Common Stock,美國第二大跨國能源與石油勘探巨頭(雪佛龍)
科技(綜合),Consumer Electronics/Appliances,美,91,GE,GE Aerospace Common Stock,(底層分類，來自Nasdaq官方sector/industry)
軍工/國防,飛機引擎與航太系統,美,91,GE,GE Aerospace Common Stock,全球最大商用與軍用飛機引擎製造商(GE Aerospace)
科技(綜合),EDP Services,美,92,RDDT,Reddit Inc. Class A Common Stock,(底層分類，來自Nasdaq官方sector/industry)
AI雲端/軟體,社群論壇與AI數據授權,美,92,RDDT,Reddit Inc. Class A Common Stock,美國最大論壇Reddit/獨家社群數據成AI訓練關鍵授權來源
金融,Finance: Consumer Services,美,93,CRCL,Circle Internet Group Inc. Class A Common Stock,(底層分類，來自Nasdaq官方sector/industry)
加密貨幣,穩定幣(USDC)發行商,美,93,CRCL,Circle Internet Group Inc. Class A Common Stock,全球第二大美元穩定幣USDC發行商Circle
傳統消費,Beverages (Production/Distribution),美,94,PEP,PepsiCo Inc. Common Stock,(底層分類，來自Nasdaq官方sector/industry)
傳統消費,零食與飲料,美,94,PEP,PepsiCo Inc. Common Stock,全球休閒食品與非酒精飲料巨頭(百事)
電信,Telecommunications Equipment,美,95,TMUS,T-Mobile US Inc. Common Stock,(底層分類，來自Nasdaq官方sector/industry)
電信,5G通訊網路,美,95,TMUS,T-Mobile US Inc. Common Stock,美國領先5G行動電信與寬頻運營商(T-Mobile)
消費(非必需),Auto & Home Supply Stores,美,96,ORLY,O'Reilly Automotive Inc. Common Stock,(底層分類，來自Nasdaq官方sector/industry)
科技(綜合),Computer Software: Prepackaged Software,美,97,ADBE,Adobe Inc. Common Stock,(底層分類，來自Nasdaq官方sector/industry)
AI雲端/軟體,創意設計軟體與Firefly AI,美,97,ADBE,Adobe Inc. Common Stock,全球設計軟體霸主/Firefly生成式AI整合圖文創作
不動產,Other Consumer Services,美,98,KIDZ,KIDZ AI Inc. Class B Common Stock,(底層分類，來自Nasdaq官方sector/industry)
生技醫藥,Industrial Specialties,美,99,ISRG,Intuitive Surgical Inc. Common Stock,(底層分類，來自Nasdaq官方sector/industry)
機器人/自動化,手術機器人,美,99,ISRG,Intuitive Surgical Inc. Common Stock,達文西手術機器人廠
工業,Major Chemicals,美,100,ESI,Element Solutions Inc. Common Stock,(底層分類，來自Nasdaq官方sector/industry)
消費(非必需),RETAIL: Building Materials,美,101,HD,Home Depot Inc. (The) Common Stock,(底層分類，來自Nasdaq官方sector/industry)
傳統消費,居家修繕零售,美,101,HD,Home Depot Inc. (The) Common Stock,全球最大居家修繕與建材零售連鎖霸主(家得寶)
消費(非必需),Auto & Home Supply Stores,美,102,AZO,AutoZone Inc. Common Stock,(底層分類，來自Nasdaq官方sector/industry)
金融,Investment Bankers/Brokers/Service,美,103,GS,Goldman Sachs Group Inc. (The) Common Stock,(底層分類，來自Nasdaq官方sector/industry)
金融,投資銀行與資產管理,美,103,GS,Goldman Sachs Group Inc. (The) Common Stock,全球頂尖投資銀行與證券經紀商(高盛)
消費(非必需),Package Goods/Cosmetics,美,104,PG,Procter & Gamble Company (The) Common Stock,(底層分類，來自Nasdaq官方sector/industry)
傳統消費,日常日用品(FMCG),美,104,PG,Procter & Gamble Company (The) Common Stock,全球最大民生消費日用品製造巨頭(寶僑P&G)
生技醫藥,Medical/Dental Instruments,美,105,APLD,Applied Digital Corporation Common Stock,(底層分類，來自Nasdaq官方sector/industry)
AI伺服器,AI資料中心代管(HPC),美,105,APLD,Applied Digital Corporation Common Stock,專為HPC與GPU算力打造之新世代AI資料中心設計及代管服務商
生技醫藥,Biotechnology: Pharmaceutical Preparations,美,106,ABBV,AbbVie Inc. Common Stock,(底層分類，來自Nasdaq官方sector/industry)
生技醫藥,免疫學與神經科學新藥,美,106,ABBV,AbbVie Inc. Common Stock,全球知名生物製藥大廠/以Humira等特效藥聞名(艾伯維)
科技(綜合),Electrical Products,美,107,APH,Amphenol Corporation Common Stock,(底層分類，來自Nasdaq官方sector/industry)
連接器,連接器,美,107,APH,Amphenol Corporation Common Stock,連接器大廠
科技(綜合),Semiconductors,美,108,ON,ON Semiconductor Corporation Common Stock,(底層分類，來自Nasdaq官方sector/industry)
功率半導體,功率半導體(SiC/IGBT/MOSFET),美,108,ON,ON Semiconductor Corporation Common Stock,車用功率半導體大廠
科技(綜合),Computer Software: Prepackaged Software,美,109,SNOW,Snowflake Inc. Common Stock,(底層分類，來自Nasdaq官方sector/industry)
AI雲端/軟體,雲端資料倉儲,美,109,SNOW,Snowflake Inc. Common Stock,全球雲端原生大數據資料倉儲平台/企業AI模型數據基建
金融,Finance: Consumer Services,美,110,CIFR,Cipher Digital Inc. Common Stock,(底層分類，來自Nasdaq官方sector/industry)
加密貨幣,比特幣挖礦,美,110,CIFR,Cipher Digital Inc. Common Stock,比特幣挖礦廠
金融,Finance: Consumer Services,美,111,HUT,Hut 8 Corp. Common Stock,(底層分類，來自Nasdaq官方sector/industry)
加密貨幣,比特幣挖礦,美,111,HUT,Hut 8 Corp. Common Stock,比特幣挖礦廠
科技(綜合),Semiconductors,美,112,ADI,Analog Devices Inc. Common Stock,(底層分類，來自Nasdaq官方sector/industry)
IC設計,類比/混合訊號IC,美,112,ADI,Analog Devices Inc. Common Stock,全球類比IC大廠
生技醫藥,Biotechnology: Biological Products (No Diagnostic Substances),美,113,TECH,Bio-Techne Corp Common Stock,(底層分類，來自Nasdaq官方sector/industry)
生技醫藥,Biotechnology: Biological Products (No Diagnostic Substances),美,114,MRNA,Moderna Inc. Common Stock,(底層分類，來自Nasdaq官方sector/industry)
生技醫藥,mRNA技術疫苗與癌症療法,美,114,MRNA,Moderna Inc. Common Stock,以mRNA技術開發新冠疫苗及癌症療法的生技先驅(Moderna)
生技醫藥,Biotechnology: Pharmaceutical Preparations,美,115,MRK,Merck & Company Inc. Common Stock (new),(底層分類，來自Nasdaq官方sector/industry)
生技醫藥,癌症免疫療法(Keytruda),美,115,MRK,Merck & Company Inc. Common Stock (new),全球大型製藥廠/全球銷售額最高癌症神藥Keytruda(默克)
科技(綜合),EDP Services,美,116,IONQ,IonQ Inc. Common Stock,(底層分類，來自Nasdaq官方sector/industry)
量子計算,量子電腦,美,116,IONQ,IonQ Inc. Common Stock,量子電腦廠
科技(綜合),Computer Software: Prepackaged Software,美,117,INTU,Intuit Inc. Common Stock,(底層分類，來自Nasdaq官方sector/industry)
AI雲端/軟體,報稅與財會SaaS,美,117,INTU,Intuit Inc. Common Stock,美國報稅與中小企業財會軟體龍頭/整合AI輔助財務決策(Intuit)
工業,Auto Manufacturing,美,118,RIVN,Rivian Automotive Inc. Class A Common Stock,(底層分類，來自Nasdaq官方sector/industry)
電動車/機器人,電動皮卡與商用車,美,118,RIVN,Rivian Automotive Inc. Class A Common Stock,美國純電動皮卡R1T與亞馬遜AI商用送貨車製造商
工業,Aerospace,美,119,AVAV,AeroVironment Inc. Common Stock,(底層分類，來自Nasdaq官方sector/industry)
軍工/國防,軍用無人機與遊蕩彈藥,美,119,AVAV,AeroVironment Inc. Common Stock,美國軍用小型無人機與彈簧刀遊蕩彈藥系統絕對龍頭
消費(非必需),Business Services,美,120,UBER,Uber Technologies Inc. Common Stock,(底層分類，來自Nasdaq官方sector/industry)
AI雲端/軟體,共享出行與外送平台,美,120,UBER,Uber Technologies Inc. Common Stock,全球最大叫車共享與外送平台/投資無人自駕車隊網路
消費(非必需),Air Freight/Delivery Services,美,121,AAL,American Airlines Group Inc. Common Stock,(底層分類，來自Nasdaq官方sector/industry)
傳統產業,航空運輸,美,121,AAL,American Airlines Group Inc. Common Stock,美國三大航空公司之一(美國航空)
工業,Diversified Commercial Services,美,122,PYPL,PayPal Holdings Inc. Common Stock,(底層分類，來自Nasdaq官方sector/industry)
金融科技,數位支付與數位錢包,美,122,PYPL,PayPal Holdings Inc. Common Stock,全球第三方支付與數位錢包老牌龍頭(PayPal)
消費(非必需),Services-Misc. Amusement & Recreation,美,123,DIS,Walt Disney Company (The) Common Stock,(底層分類，來自Nasdaq官方sector/industry)
傳統消費,媒體娛樂與主題樂園,美,123,DIS,Walt Disney Company (The) Common Stock,全球最大娛樂傳媒帝國與主題樂園(迪士尼)
科技(綜合),Computer Software: Prepackaged Software,美,124,SHOP,Shopify Inc. Class A Subordinate Voting Shares,(底層分類，來自Nasdaq官方sector/industry)
AI雲端/軟體,電商SaaS平台,美,124,SHOP,Shopify Inc. Class A Subordinate Voting Shares,全球最大電商架站平台/AI協助商家文案與自動化管理(Shopify)
科技(綜合),Semiconductors,美,125,MPWR,Monolithic Power Systems Inc. Common Stock,(底層分類，來自Nasdaq官方sector/industry)
功率半導體,電源管理IC,美,125,MPWR,Monolithic Power Systems Inc. Common Stock,電源管理IC專業廠
公用事業,Electric Utilities: Central,美,126,CEG,Constellation Energy Corporation Common Stock ,(底層分類，來自Nasdaq官方sector/industry)
核能/SMR,核電運營,美,126,CEG,Constellation Energy Corporation Common Stock ,核電運營商
金融,Finance: Consumer Services,美,127,SPGI,S&P Global Inc. Common Stock,(底層分類，來自Nasdaq官方sector/industry)
金融,信用評級與金融數據(標普),美,127,SPGI,S&P Global Inc. Common Stock,全球三大信評機構之一/標普指數與金融市場數據
科技(綜合),EDP Services,美,128,MARA,MARA Holdings Inc. Common Stock,(底層分類，來自Nasdaq官方sector/industry)
加密貨幣,比特幣挖礦,美,128,MARA,MARA Holdings Inc. Common Stock,比特幣挖礦廠
科技(綜合),Industrial Machinery/Components,美,129,ETN,Eaton Corporation PLC Ordinary Shares,(底層分類，來自Nasdaq官方sector/industry)
電力設備,電氣設備,美,129,ETN,Eaton Corporation PLC Ordinary Shares,資料中心電力管理設備廠
消費(非必需),Transportation Services,美,130,BKNG,Booking Holdings Inc. Common Stock,(底層分類，來自Nasdaq官方sector/industry)
傳統消費,旅遊OTA平台,美,130,BKNG,Booking Holdings Inc. Common Stock,全球最大線上旅遊訂房OTA平台/導入AI行程規劃(Booking)
工業,Industrial Machinery/Components,美,131,TMO,Thermo Fisher Scientific Inc Common Stock,(底層分類，來自Nasdaq官方sector/industry)
生技醫藥,生命科學儀器與服務,美,131,TMO,Thermo Fisher Scientific Inc Common Stock,全球醫療與科學研究儀器試劑絕對龍頭(賽默飛)
科技(綜合),Semiconductors,美,132,STM,STMicroelectronics N.V. Common Stock,(底層分類，來自Nasdaq官方sector/industry)
功率半導體,SiC車用晶片與MCU(IDM),美,132,STM,STMicroelectronics N.V. Common Stock,歐洲半導體IDM巨頭/全球SiC與車用MCU領先者(意法半導體)
金融,Major Banks,美,133,C,Citigroup Inc. Common Stock,(底層分類，來自Nasdaq官方sector/industry)
金融,商業銀行與跨國財管,美,133,C,Citigroup Inc. Common Stock,全球營運據點最廣的美國大型商業銀行(花旗)
生技醫藥,Biotechnology: Pharmaceutical Preparations,美,134,ABT,Abbott Laboratories Common Stock,(底層分類，來自Nasdaq官方sector/industry)
生技醫藥,醫療器材與診斷試劑,美,134,ABT,Abbott Laboratories Common Stock,全球多元化醫療器材檢驗試劑及奶粉大廠(雅培)
金融,Finance: Consumer Services,美,135,RIOT,Riot Platforms Inc. Common Stock ,(底層分類，來自Nasdaq官方sector/industry)
加密貨幣,比特幣挖礦,美,135,RIOT,Riot Platforms Inc. Common Stock ,比特幣挖礦廠
消費(非必需),Business Services,美,136,ACN,Accenture plc Class A Ordinary Shares (Ireland),(底層分類，來自Nasdaq官方sector/industry)
AI雲端/軟體,IT諮詢與AI導入,美,136,ACN,Accenture plc Class A Ordinary Shares (Ireland),全球最大IT顧問諮詢商/協助企業導入AI轉型(埃森哲)
金融,Finance: Consumer Services,美,137,BMNR,BitMine Immersion Technologies Inc. Common Stock,(底層分類，來自Nasdaq官方sector/industry)
加密貨幣,以太幣持有,美,137,BMNR,BitMine Immersion Technologies Inc. Common Stock,以太幣儲備策略公司
科技(綜合),Computer peripheral equipment,美,138,FTNT,Fortinet Inc. Common Stock,(底層分類，來自Nasdaq官方sector/industry)
AI雲端/軟體,網路安全與防火牆,美,138,FTNT,Fortinet Inc. Common Stock,全球企業防火牆與網路安全領導廠商(Fortinet)
生技醫藥,Biotechnology: Electromedical & Electrotherapeutic Apparatus,美,139,MDT,Medtronic plc. Ordinary Shares,(底層分類，來自Nasdaq官方sector/industry)
生技醫藥,醫療器材(心律/手術機器人),美,139,MDT,Medtronic plc. Ordinary Shares,全球最大醫療器材製造商/心律調節器與手術機器人(美敦力)
生技醫藥,Biotechnology: Biological Products (No Diagnostic Substances),美,140,AMGN,Amgen Inc. Common Stock,(底層分類，來自Nasdaq官方sector/industry)
生技醫藥,生物製藥,美,140,AMGN,Amgen Inc. Common Stock,全球最大獨立生物製藥公司之一(安進)
生技醫藥,Medical/Dental Instruments,美,141,SYK,Stryker Corporation Common Stock,(底層分類，來自Nasdaq官方sector/industry)
傳統產業/原材料,Major Chemicals,美,142,LIN,Linde plc Ordinary Shares,(底層分類，來自Nasdaq官方sector/industry)
半導體材料,工業與特殊氣體,美,142,LIN,Linde plc Ordinary Shares,全球最大工業氣體製造商/供應半導體先進製程關鍵氣體(林德)
科技(綜合),EDP Services,美,143,QBTS,D-Wave Quantum Inc. Common Shares,(底層分類，來自Nasdaq官方sector/industry)
量子計算,量子退火電腦,美,143,QBTS,D-Wave Quantum Inc. Common Shares,量子退火電腦廠
公用事業,Electric Utilities: Central,美,144,OKLO,Oklo Inc. Class A common stock,(底層分類，來自Nasdaq官方sector/industry)
核能/SMR,小型模組化反應爐,美,144,OKLO,Oklo Inc. Class A common stock,SMR新創
不動產,Real Estate Investment Trusts,美,145,AMT,American Tower Corporation (REIT) Common Stock,(底層分類，來自Nasdaq官方sector/industry)
金融,Investment Bankers/Brokers/Service,美,146,CME,CME Group Inc. Class A Common Stock,(底層分類，來自Nasdaq官方sector/industry)
金融,期貨與衍生性商品交易所,美,146,CME,CME Group Inc. Class A Common Stock,全球最大期貨與選擇權衍生性商品交易所(芝商所)
生技醫藥,Biotechnology: Pharmaceutical Preparations,美,147,NVO,Novo Nordisk A/S Common Stock,(底層分類，來自Nasdaq官方sector/industry)
金融,Major Banks,美,148,STT,State Street Corporation Common Stock,(底層分類，來自Nasdaq官方sector/industry)
生技醫藥,Biotechnology: Pharmaceutical Preparations,美,149,ZTS,Zoetis Inc. Class A Common Stock,(底層分類，來自Nasdaq官方sector/industry)
金融,Investment Bankers/Brokers/Service,美,150,MS,Morgan Stanley Common Stock,(底層分類，來自Nasdaq官方sector/industry)
金融,投資銀行與財富管理,美,150,MS,Morgan Stanley Common Stock,全球頂尖投資銀行與高資產財富管理巨頭(摩根士丹利)
工業,Industrial Machinery/Components,美,151,DHR,Danaher Corporation Common Stock,(底層分類，來自Nasdaq官方sector/industry)
生技醫藥,生命科學儀器與診斷設備,美,151,DHR,Danaher Corporation Common Stock,全球生命科學儀器醫學診斷及水質處理設備巨頭(丹納赫)
能源,Industrial Machinery/Components,美,152,FCEL,FuelCell Energy Inc. Common Stock,(底層分類，來自Nasdaq官方sector/industry)
電池/儲能,燃料電池,美,152,FCEL,FuelCell Energy Inc. Common Stock,燃料電池廠
消費(非必需),Other Consumer Services,美,153,SE,Sea Limited American Depositary Shares each representing one Class A Ordinary Share,(底層分類，來自Nasdaq官方sector/industry)
傳統消費,東南亞電商與遊戲,美,153,SE,Sea Limited American Depositary Shares each representing one Class A Ordinary Share,東南亞最大電商平台Shopee與遊戲Garena霸主(Sea)
傳統產業/原材料,Precious Metals,美,154,NEM,Newmont Corporation,(底層分類，來自Nasdaq官方sector/industry)
傳統產業,黃金與銅礦開採,美,154,NEM,Newmont Corporation,全球最大黃金開採商/亦開採AI伺服器極缺銅礦資源(紐蒙特)
工業,Engineering & Construction,美,155,FIX,Comfort Systems USA Inc. Common Stock,(底層分類，來自Nasdaq官方sector/industry)
AI伺服器,資料中心機電與空調(HVAC),美,155,FIX,Comfort Systems USA Inc. Common Stock,美國大型HVAC與機電商/受惠AI資料中心散熱工程(Comfort Systems)
金融,Major Banks,美,156,USB,U.S. Bancorp Common Stock,(底層分類，來自Nasdaq官方sector/industry)
生技醫藥,Medical/Nursing Services,美,157,HIMS,Hims & Hers Health Inc. Class A Common Stock,(底層分類，來自Nasdaq官方sector/industry)
消費(非必需),Air Freight/Delivery Services,美,158,DAL,Delta Air Lines Inc. Common Stock,(底層分類，來自Nasdaq官方sector/industry)
生技醫藥,Biotechnology: Pharmaceutical Preparations,美,159,NVS,Novartis AG Common Stock,(底層分類，來自Nasdaq官方sector/industry)
科技(綜合),Radio And Television Broadcasting And Communications Equipment,美,160,ONDS,Ondas Inc. Common Stock,(底層分類，來自Nasdaq官方sector/industry)
金融,Major Banks,美,161,WFC,Wells Fargo & Company Common Stock,(底層分類，來自Nasdaq官方sector/industry)
金融,商業與零售銀行,美,161,WFC,Wells Fargo & Company Common Stock,美國四大銀行之一/偏重國內零售銀行與房貸業務(富國銀行)
科技(綜合),Electrical Products,美,162,CLS,Celestica Inc. Common Stock,(底層分類，來自Nasdaq官方sector/industry)
組裝代工(EMS),電子代工組裝,美,162,CLS,Celestica Inc. Common Stock,電子代工廠
生技醫藥,Medical/Dental Instruments,美,163,RMD,ResMed Inc. Common Stock,(底層分類，來自Nasdaq官方sector/industry)
未分類,未分類,美,164,BRK/A,Berkshire Hathaway Inc.,(底層分類，來自Nasdaq官方sector/industry)
科技(綜合),EDP Services,美,165,RGTI,Rigetti Computing Inc. Common Stock,(底層分類，來自Nasdaq官方sector/industry)
量子計算,量子電腦,美,165,RGTI,Rigetti Computing Inc. Common Stock,量子電腦廠
生技醫藥,Biotechnology: Pharmaceutical Preparations,美,166,VRTX,Vertex Pharmaceuticals Incorporated Common Stock,(底層分類，來自Nasdaq官方sector/industry)
生技醫藥,罕見疾病新藥(囊腫纖維化),美,166,VRTX,Vertex Pharmaceuticals Incorporated Common Stock,全球罕見疾病新藥研發絕對龍頭(Vertex)
消費(非必需),Department/Specialty Retail Stores,美,167,TGT,Target Corporation Common Stock,(底層分類，來自Nasdaq官方sector/industry)
消費(非必需),Clothing/Shoe/Accessory Stores,美,168,TJX,TJX Companies Inc. (The) Common Stock,(底層分類，來自Nasdaq官方sector/industry)
消費(非必需),Hotels/Resorts,美,169,MAR,Marriott International Class A Common Stock,(底層分類，來自Nasdaq官方sector/industry)
生技醫藥,Medical/Dental Instruments,美,170,BSX,Boston Scientific Corporation Common Stock,(底層分類，來自Nasdaq官方sector/industry)
生技醫藥,微創醫療器材,美,170,BSX,Boston Scientific Corporation Common Stock,全球心血管及微創手術醫療器材大廠(波士頓科學)
科技(綜合),Computer Software: Prepackaged Software,美,171,NET,Cloudflare Inc. Class A Common Stock,(底層分類，來自Nasdaq官方sector/industry)
AI雲端/軟體,CDN與邊緣資安防護,美,171,NET,Cloudflare Inc. Class A Common Stock,全球CDN與邊緣運算資安防護龍頭(Cloudflare)
不動產,Real Estate Investment Trusts,美,172,DLR,Digital Realty Trust Inc. Common Stock,(底層分類，來自Nasdaq官方sector/industry)
公用事業,Telecommunications Equipment,美,173,CIEN,Ciena Corporation Common Stock,(底層分類，來自Nasdaq官方sector/industry)
CPO/光通訊,光網路系統設備,美,173,CIEN,Ciena Corporation Common Stock,電信用光網路系統商
科技(綜合),Computer Software: Prepackaged Software,美,174,RBLX,Roblox Corporation Class A Common Stock,(底層分類，來自Nasdaq官方sector/industry)
金融,Investment Bankers/Brokers/Service,美,175,SCHW,Charles Schwab Corporation (The) Common Stock,(底層分類，來自Nasdaq官方sector/industry)
金融,證券經紀與財富管理,美,175,SCHW,Charles Schwab Corporation (The) Common Stock,美國最大折扣證券經紀商與財富管理平台(嘉信理財)
傳統產業/原材料,Precious Metals,美,176,B,Barrick Mining Corporation Common Shares,(底層分類，來自Nasdaq官方sector/industry)
科技(綜合),Semiconductors,美,177,MXL,MaxLinear Inc. Common Stock,(底層分類，來自Nasdaq官方sector/industry)
IC設計,類比/混合訊號(寬頻通訊),美,177,MXL,MaxLinear Inc. Common Stock,通訊晶片設計廠
科技(綜合),EDP Services,美,178,WDAY,Workday Inc. Class A Common Stock,(底層分類，來自Nasdaq官方sector/industry)
傳統產業/原材料,Metal Mining,美,179,FCX,Freeport-McMoRan Inc. Common Stock,(底層分類，來自Nasdaq官方sector/industry)
傳統產業,銅礦開採,美,179,FCX,Freeport-McMoRan Inc. Common Stock,全球最大上市銅礦開採商/銅為AI伺服器與電力傳輸必需金屬
公用事業,Electric Utilities: Central,美,180,VST,Vistra Corp. Common Stock,(底層分類，來自Nasdaq官方sector/industry)
能源/電力,獨立發電與核電,美,180,VST,Vistra Corp. Common Stock,美國大型獨立電力生產商/受惠AI資料中心核電與天然氣缺口(Vistra)
消費(非必需),Business Services,美,181,MELI,MercadoLibre Inc. Common Stock,(底層分類，來自Nasdaq官方sector/industry)
金融科技,拉美電商與數位支付,美,181,MELI,MercadoLibre Inc. Common Stock,拉丁美洲最大電商平台兼具龐大數位支付業務(MercadoLibre)
科技(綜合),Retail: Computer Software & Peripheral Equipment,美,182,HPE,Hewlett Packard Enterprise Company Common Stock,(底層分類，來自Nasdaq官方sector/industry)
AI伺服器,伺服器系統,美,182,HPE,Hewlett Packard Enterprise Company Common Stock,企業伺服器系統廠
科技(綜合),Semiconductors,美,183,ASX,ASE Technology Holding Co. Ltd. American Depositary Shares (each representing Two Common Shares) ,(底層分類，來自Nasdaq官方sector/industry)
封測(OSAT/測試),封測(綜合),美,183,ASX,ASE Technology Holding Co. Ltd. American Depositary Shares (each representing Two Common Shares) ,日月光美股ADR
傳統產業/原材料,Precious Metals,美,184,AEM,Agnico Eagle Mines Limited Common Stock,(底層分類，來自Nasdaq官方sector/industry)
生技醫藥,Medical Specialities,美,185,CNC,Centene Corporation Common Stock,(底層分類，來自Nasdaq官方sector/industry)
消費(非必需),Broadcasting,美,186,SPOT,Spotify Technology S.A. Ordinary Shares,(底層分類，來自Nasdaq官方sector/industry)
AI雲端/軟體,串流音樂與Podcast,美,186,SPOT,Spotify Technology S.A. Ordinary Shares,全球最大串流音樂與播客平台(Spotify)
生技醫藥,Ophthalmic Goods,美,187,LUCY,Innovative Eyewear Inc. Common Stock,(底層分類，來自Nasdaq官方sector/industry)
科技(綜合),Computer Software: Prepackaged Software,美,188,FIG,Figma Inc. Class A Common Stock,(底層分類，來自Nasdaq官方sector/industry)
科技(綜合),Semiconductors,美,189,NXPI,NXP Semiconductors N.V. Common Stock,(底層分類，來自Nasdaq官方sector/industry)
IC設計,車用/物聯網晶片,美,189,NXPI,NXP Semiconductors N.V. Common Stock,車用半導體大廠
消費(非必需),Marine Transportation,美,190,CCL,Carnival Corporation Ltd. Common Shares,(底層分類，來自Nasdaq官方sector/industry)
科技(綜合),Semiconductors,美,191,MCHP,Microchip Technology Incorporated Common Stock,(底層分類，來自Nasdaq官方sector/industry)
IC設計,MCU/類比IC,美,191,MCHP,Microchip Technology Incorporated Common Stock,微控制器/類比IC廠
電信,Cable & Other Pay Television Services,美,192,CMCSA,Comcast Corporation Class A Common Stock,(底層分類，來自Nasdaq官方sector/industry)
電信,有線寬頻網路與媒體,美,192,CMCSA,Comcast Corporation Class A Common Stock,美國最大有線電視寬頻網路與NBC環球媒體集團(Comcast)
科技(綜合),Electrical Products,美,193,FLEX,Flex Ltd. Ordinary Shares,(底層分類，來自Nasdaq官方sector/industry)
組裝代工(EMS),電子代工組裝,美,193,FLEX,Flex Ltd. Ordinary Shares,電子代工大廠
消費(非必需),Automotive Aftermarket,美,194,GPC,Genuine Parts Company Common Stock,(底層分類，來自Nasdaq官方sector/industry)
生技醫藥,Biotechnology: Pharmaceutical Preparations,美,195,AZN,AstraZeneca PLC Ordinary Shares,(底層分類，來自Nasdaq官方sector/industry)
消費(非必需),Services-Misc. Amusement & Recreation,美,196,TTWO,Take-Two Interactive Software Inc. Common Stock,(底層分類，來自Nasdaq官方sector/industry)
工業,Aerospace,美,197,RTX,RTX Corporation Common Stock,(底層分類，來自Nasdaq官方sector/industry)
軍工/國防,飛彈/航太發動機,美,197,RTX,RTX Corporation Common Stock,雷神技術
消費(非必需),Containers/Packaging,美,198,KMB,Kimberly-Clark Corporation Common Stock,(底層分類，來自Nasdaq官方sector/industry)
科技(綜合),Semiconductors,美,199,FSLR,First Solar Inc. Common Stock,(底層分類，來自Nasdaq官方sector/industry)
綠能/太陽能,太陽能板製造,美,199,FSLR,First Solar Inc. Common Stock,美國最大太陽能板廠
消費(非必需),Catalog/Specialty Distribution,美,200,CPNG,Coupang Inc. Class A Common Stock,(底層分類，來自Nasdaq官方sector/industry)
能源,Oil & Gas Production,美,201,SHEL,Shell PLC American Depositary Shares (each representing two (2) Ordinary Shares) ,(底層分類，來自Nasdaq官方sector/industry)
科技(綜合),Computer Software: Prepackaged Software,美,202,BB,BlackBerry Limited Common Stock,(底層分類，來自Nasdaq官方sector/industry)
工業,Industrial Machinery/Components,美,203,OUST,Ouster Inc. Common Stock,(底層分類，來自Nasdaq官方sector/industry)
生技醫藥,Other Pharmaceuticals,美,204,CAH,Cardinal Health Inc. Common Stock,(底層分類，來自Nasdaq官方sector/industry)
科技(綜合),EDP Services,美,205,ZS,Zscaler Inc. Common Stock,(底層分類，來自Nasdaq官方sector/industry)
傳統消費,Beverages (Production/Distribution),美,206,KDP,Keurig Dr Pepper Inc. Common Stock,(底層分類，來自Nasdaq官方sector/industry)
能源,Industrial Machinery/Components,美,207,FPS,Forgent Power Solutions Inc. Class A Common Stock,(底層分類，來自Nasdaq官方sector/industry)
消費(非必需),Oil and Gas Field Machinery,美,208,BKR,Baker Hughes Company Class A Common Stock,(底層分類，來自Nasdaq官方sector/industry)
生技醫藥,Hospital/Nursing Management,美,209,HCA,HCA Healthcare Inc. Common Stock,(底層分類，來自Nasdaq官方sector/industry)
生技醫藥,連鎖醫院體系運營,美,209,HCA,HCA Healthcare Inc. Common Stock,美國最大連鎖醫院與營利性醫療體系營運商(HCA)
消費(非必需),Marine Transportation,美,210,RCL,Royal Caribbean Cruises Ltd. Common Stock,(底層分類，來自Nasdaq官方sector/industry)
消費(非必需),Air Freight/Delivery Services,美,211,UAL,United Airlines Holdings Inc. Common Stock,(底層分類，來自Nasdaq官方sector/industry)
科技(綜合),EDP Services,美,212,NEE,NextEra Energy Inc. Common Stock,(底層分類，來自Nasdaq官方sector/industry)
能源/電力,潔淨能源與公用事業,美,212,NEE,NextEra Energy Inc. Common Stock,全球最大風力與太陽能發電開發商/受惠AI綠電需求(NextEra)
消費(非必需),Restaurants,美,213,YUM,Yum! Brands Inc.,(底層分類，來自Nasdaq官方sector/industry)
科技(綜合),Computer Software: Prepackaged Software,美,214,SNPS,Synopsys Inc. Common Stock,(底層分類，來自Nasdaq官方sector/industry)
生技醫藥,Biotechnology: Pharmaceutical Preparations,美,215,REGN,Regeneron Pharmaceuticals Inc. Common Stock,(底層分類，來自Nasdaq官方sector/industry)
金融,Commercial Banks,美,216,HDB,HDFC Bank Limited Common Stock,(底層分類，來自Nasdaq官方sector/industry)
金融,Specialty Insurers,美,217,MRSH,Marsh Common Stock,(底層分類，來自Nasdaq官方sector/industry)
科技(綜合),Computer Software: Prepackaged Software,美,218,CDNS,Cadence Design Systems Inc. Common Stock,(底層分類，來自Nasdaq官方sector/industry)
IC設計,EDA設計軟體與矽智財,美,218,CDNS,Cadence Design Systems Inc. Common Stock,全球前兩大EDA電子設計自動化軟體商/AI晶片開發必備工具(Cadence)
科技(綜合),Computer Software: Prepackaged Software,美,219,OKTA,Okta Inc. Class A Common Stock,(底層分類，來自Nasdaq官方sector/industry)
工業,Engineering & Construction,美,220,PWR,Quanta Services Inc. Common Stock,(底層分類，來自Nasdaq官方sector/industry)
電力設備,電網與通訊基建工程,美,220,PWR,Quanta Services Inc. Common Stock,北美最大特高壓電網基礎設施統包商/AI電網升級核心受惠者(Quanta)
金融,Finance: Consumer Services,美,221,AXP,American Express Company Common Stock,(底層分類，來自Nasdaq官方sector/industry)
金融,高端信用卡支付,美,221,AXP,American Express Company Common Stock,專注高資產客戶與企業端信用卡發卡與支付網路巨頭(美國運通)
科技(綜合),Computer Software: Prepackaged Software,美,222,RBRK,Rubrik Inc. Class A Common Stock,(底層分類，來自Nasdaq官方sector/industry)
消費(非必需),Apparel,美,223,LULU,lululemon athletica inc. Common Stock,(底層分類，來自Nasdaq官方sector/industry)
金融,Property-Casualty Insurers,美,224,PGR,Progressive Corporation (The) Common Stock,(底層分類，來自Nasdaq官方sector/industry)
金融,汽車與產物保險,美,224,PGR,Progressive Corporation (The) Common Stock,美國大型汽車保險與產物保險公司(前進保險)
傳統消費,Beverages (Production/Distribution),美,225,STZ,Constellation Brands Inc. Common Stock,(底層分類，來自Nasdaq官方sector/industry)
工業,Ordnance And Accessories,美,226,AXON,Axon Enterprise Inc. Common Stock,(底層分類，來自Nasdaq官方sector/industry)
軍工/國防,警用科技,美,226,AXON,Axon Enterprise Inc. Common Stock,泰瑟槍/執法科技廠
能源,Oilfield Services/Equipment,美,227,SLB,SLB Limited Common Shares,(底層分類，來自Nasdaq官方sector/industry)
生技醫藥,Biotechnology: Pharmaceutical Preparations,美,228,ABVX,Abivax SA American Depositary Shares,(底層分類，來自Nasdaq官方sector/industry)
科技(綜合),Electrical Products,美,229,TTMI,TTM Technologies Inc. Common Stock,(底層分類，來自Nasdaq官方sector/industry)
PCB/CCL,PCB,美,229,TTMI,TTM Technologies Inc. Common Stock,PCB廠
能源,Oil & Gas Production,美,230,PBR,Petroleo Brasileiro S.A. Petrobras ADS,(底層分類，來自Nasdaq官方sector/industry)
傳統消費,Packaged Foods,美,231,MDLZ,Mondelez International Inc. Class A Common Stock,(底層分類，來自Nasdaq官方sector/industry)
工業,Aluminum,美,232,AA,Alcoa Corporation Common Stock ,(底層分類，來自Nasdaq官方sector/industry)
科技(綜合),Computer Software: Prepackaged Software,美,233,SAP,SAP  SE ADS,(底層分類，來自Nasdaq官方sector/industry)
不動產,Real Estate Investment Trusts,美,234,EQIX,Equinix Inc. Common Stock REIT,(底層分類，來自Nasdaq官方sector/industry)
金融,Major Banks,美,235,COF,Capital One Financial Corporation Common Stock,(底層分類，來自Nasdaq官方sector/industry)
金融,Property-Casualty Insurers,美,236,CB,Chubb Limited  Common Stock,(底層分類，來自Nasdaq官方sector/industry)
金融,Investment Bankers/Brokers/Service,美,237,ICE,Intercontinental Exchange Inc. Common Stock,(底層分類，來自Nasdaq官方sector/industry)
科技(綜合),EDP Services,美,238,CTSH,Cognizant Technology Solutions Corporation Class A Common Stock,(底層分類，來自Nasdaq官方sector/industry)
消費(非必需),Homebuilding,美,239,TMHC,Taylor Morrison Home Corporation Common Stock,(底層分類，來自Nasdaq官方sector/industry)
工業,Railroads,美,240,UNP,Union Pacific Corporation Common Stock,(底層分類，來自Nasdaq官方sector/industry)
傳統產業,鐵路貨運,美,240,UNP,Union Pacific Corporation Common Stock,北美最大鐵路貨運營運商之一(聯合太平洋)
工業,Industrial Machinery/Components,美,241,MKSI,MKS Inc. Common Stock,(底層分類，來自Nasdaq官方sector/industry)
半導體設備,真空/氣體輸送設備,美,241,MKSI,MKS Inc. Common Stock,半導體設備廠
工業,Military/Government/Technical,美,242,LMT,Lockheed Martin Corporation Common Stock,(底層分類，來自Nasdaq官方sector/industry)
軍工/國防,飛彈/戰機系統,美,242,LMT,Lockheed Martin Corporation Common Stock,洛克希德馬丁
金融,Finance: Consumer Services,美,243,CLSK,CleanSpark Inc. Common Stock,(底層分類，來自Nasdaq官方sector/industry)
加密貨幣,比特幣挖礦,美,243,CLSK,CleanSpark Inc. Common Stock,比特幣挖礦廠
傳統消費,Packaged Foods,美,244,GIS,General Mills Inc. Common Stock,(底層分類，來自Nasdaq官方sector/industry)
消費(非必需),Services-Misc. Amusement & Recreation,美,245,WBD,Warner Bros. Discovery Inc. Series A Common Stock ,(底層分類，來自Nasdaq官方sector/industry)
科技(綜合),EDP Services,美,246,SHAZ,SharonAI Holdings Inc. Class A Common Stock,(底層分類，來自Nasdaq官方sector/industry)
科技(綜合),Electrical Products,美,247,VSH,Vishay Intertechnology Inc. Common Stock,(底層分類，來自Nasdaq官方sector/industry)
被動元件,綜合被動元件,美,247,VSH,Vishay Intertechnology Inc. Common Stock,電阻/電容/電感/二極體綜合大廠
科技(綜合),Semiconductors,美,248,NVTS,Navitas Semiconductor Corporation Common Stock,(底層分類，來自Nasdaq官方sector/industry)
功率半導體,GaN功率元件,美,248,NVTS,Navitas Semiconductor Corporation Common Stock,GaN功率元件廠
生技醫藥,Biotechnology: Biological Products (No Diagnostic Substances),美,249,APGE,Apogee Therapeutics Inc. Common Stock,(底層分類，來自Nasdaq官方sector/industry)
工業,Metal Fabrications,美,250,SMR,NuScale Power Corporation Class A Common Stock,(底層分類，來自Nasdaq官方sector/industry)
核能/SMR,小型模組化反應爐,美,250,SMR,NuScale Power Corporation Class A Common Stock,SMR新創
工業,Industrial Machinery/Components,美,251,CARR,Carrier Global Corporation Common Stock ,(底層分類，來自Nasdaq官方sector/industry)
消費(非必需),Restaurants,美,252,CMG,Chipotle Mexican Grill Inc. Common Stock,(底層分類，來自Nasdaq官方sector/industry)
科技(綜合),Radio And Television Broadcasting And Communications Equipment,美,253,PL,Planet Labs PBC Class A Common Stock,(底層分類，來自Nasdaq官方sector/industry)
金融,Finance: Consumer Services,美,254,KEEL,Keel Infrastructure Corp. Common Stock,(底層分類，來自Nasdaq官方sector/industry)
工業,Auto Manufacturing,美,255,F,Ford Motor Company Common Stock,(底層分類，來自Nasdaq官方sector/industry)
電動車/機器人,傳統燃油車與電動車轉型,美,255,F,Ford Motor Company Common Stock,美國傳統燃油車與皮卡F-150霸主/積極轉型電動車與智駕
生技醫藥, Medicinal Chemicals and Botanical Products ,美,256,PM,Philip Morris International Inc Common Stock,(底層分類，來自Nasdaq官方sector/industry)
傳統消費,菸草與加熱菸,美,256,PM,Philip Morris International Inc Common Stock,全球最大國際菸草商萬寶路/積極轉型加熱菸無煙產品
消費(非必需),RETAIL: Building Materials,美,257,SHW,Sherwin-Williams Company (The) Common Stock,(底層分類，來自Nasdaq官方sector/industry)
公用事業,Environmental Services,美,258,WM,Waste Management Inc. Common Stock,(底層分類，來自Nasdaq官方sector/industry)
金融,Finance: Consumer Services,美,259,NU,Nu Holdings Ltd. Class A Ordinary Shares,(底層分類，來自Nasdaq官方sector/industry)
傳統消費,Beverages (Production/Distribution),美,260,SBEV,Splash Beverage Group Inc. (NV) Common Stock,(底層分類，來自Nasdaq官方sector/industry)
工業,Railroads,美,261,CSX,CSX Corporation Common Stock,(底層分類，來自Nasdaq官方sector/industry)
科技(綜合),Computer Software: Prepackaged Software,美,262,STRC,Strategy Inc Variable Rate Series A Perpetual Stretch Preferred Stock,(底層分類，來自Nasdaq官方sector/industry)
科技(綜合),Semiconductors,美,263,TSEM,Tower Semiconductor Ltd. Ordinary Shares,(底層分類，來自Nasdaq官方sector/industry)
晶圓代工,類比/混合訊號晶圓代工,美,263,TSEM,Tower Semiconductor Ltd. Ordinary Shares,特殊製程晶圓代工廠
科技(綜合),EDP Services,美,264,DASH,DoorDash Inc. Class A Common Stock,(底層分類，來自Nasdaq官方sector/industry)
AI雲端/軟體,餐飲與雜貨外送平台,美,264,DASH,DoorDash Inc. Class A Common Stock,美國市佔第一的餐飲與雜貨外送平台DoorDash
科技(綜合),Computer Software: Programming Data Processing,美,265,TEM,Tempus AI Inc. Class A Common Stock,(底層分類，來自Nasdaq官方sector/industry)
金融,Investment Bankers/Brokers/Service,美,266,BLK,BlackRock Inc. Common Stock,(底層分類，來自Nasdaq官方sector/industry)
金融,資產管理與ETF(iShares),美,266,BLK,BlackRock Inc. Common Stock,全球最大資產管理公司/iShares ETF發行商(貝萊德)
科技(綜合),Semiconductors,美,267,WOLF,Wolfspeed Inc. Common Stock New,(底層分類，來自Nasdaq官方sector/industry)
功率半導體,SiC功率元件,美,267,WOLF,Wolfspeed Inc. Common Stock New,SiC功率元件專業廠
工業,Industrial Machinery/Components,美,268,DE,Deere & Company Common Stock,(底層分類，來自Nasdaq官方sector/industry)
傳統產業,農業機械/自駕農業AI,美,268,DE,Deere & Company Common Stock,全球最大農業機械巨頭/自駕牽引機與AI精準農業(迪爾)
生技醫藥,Biotechnology: Pharmaceutical Preparations,美,269,BMY,Bristol-Myers Squibb Company Common Stock,(底層分類，來自Nasdaq官方sector/industry)
科技(綜合),Computer Software: Programming Data Processing,美,270,BIDU,Baidu Inc. ADS,(底層分類，來自Nasdaq官方sector/industry)
消費(非必需),Telecommunications Equipment,美,271,ECHO,EchoStar  Corporation Common Stock,(底層分類，來自Nasdaq官方sector/industry)
工業,Mining & Quarrying of Nonmetallic Minerals (No Fuels),美,272,HL,Hecla Mining Company Common Stock,(底層分類，來自Nasdaq官方sector/industry)
公用事業,Telecommunications Equipment,美,273,FN,Fabrinet Ordinary Shares,(底層分類，來自Nasdaq官方sector/industry)
CPO/光通訊,光收發模組代工,美,273,FN,Fabrinet Ordinary Shares,光收發模組代工廠
能源,Integrated oil Companies,美,274,COP,ConocoPhillips Common Stock,(底層分類，來自Nasdaq官方sector/industry)
能源/電力,石油與天然氣勘探(E&P),美,274,COP,ConocoPhillips Common Stock,美國最大獨立石油與天然氣勘探生產商(康菲石油)
金融,Finance: Consumer Services,美,275,CORZ,Core Scientific Inc. Common Stock,(底層分類，來自Nasdaq官方sector/industry)
加密貨幣,比特幣挖礦/AI算力,美,275,CORZ,Core Scientific Inc. Common Stock,比特幣挖礦/轉型AI資料中心
科技(綜合),Computer Software: Prepackaged Software,美,276,VEEV,Veeva Systems Inc. Class A Common Stock,(底層分類，來自Nasdaq官方sector/industry)
生技醫藥,Other Pharmaceuticals,美,277,COR,Cencora Inc. Common Stock,(底層分類，來自Nasdaq官方sector/industry)
科技(綜合),EDP Services,美,278,QNT,Quantinuum Inc. Class A Common Stock,(底層分類，來自Nasdaq官方sector/industry)
量子計算,量子電腦,美,278,QNT,Quantinuum Inc. Class A Common Stock,量子電腦廠
工業,Military/Government/Technical,美,279,STRL,Sterling Infrastructure Inc. Common Stock,(底層分類，來自Nasdaq官方sector/industry)
生技醫藥,Biotechnology: Biological Products (No Diagnostic Substances),美,280,RVMD,Revolution Medicines Inc. Common Stock,(底層分類，來自Nasdaq官方sector/industry)
生技醫藥,Medical Specialities,美,281,GH,Guardant Health Inc. Common Stock,(底層分類，來自Nasdaq官方sector/industry)
消費(非必需),Restaurants,美,282,SBUX,Starbucks Corporation Common Stock,(底層分類，來自Nasdaq官方sector/industry)
傳統消費,連鎖咖啡,美,282,SBUX,Starbucks Corporation Common Stock,全球最大連鎖咖啡館霸主(星巴克)
生技醫藥,Medical Specialities,美,283,CI,The Cigna Group Common Stock,(底層分類，來自Nasdaq官方sector/industry)
金融,Investment Bankers/Brokers/Service,美,284,IBKR,Interactive Brokers Group Inc. Class A Common Stock,(底層分類，來自Nasdaq官方sector/industry)
科技(綜合),Computer Software: Prepackaged Software,美,285,RCAT,Red Cat Holdings Inc. Common Stock,(底層分類，來自Nasdaq官方sector/industry)
傳統消費,Food Chains,美,286,KR,Kroger Company (The) Common Stock,(底層分類，來自Nasdaq官方sector/industry)
生技醫藥,Medical Specialities,美,287,ELV,Elevance Health Inc. Common Stock,(底層分類，來自Nasdaq官方sector/industry)
工業,Auto Manufacturing,美,288,RACE,Ferrari N.V. Common Shares,(底層分類，來自Nasdaq官方sector/industry)
金融,Blank Checks,美,289,CCXI,Churchill Capital Corp XI Class A Ordinary Shares,(底層分類，來自Nasdaq官方sector/industry)
消費(非必需),Retail-Auto Dealers and Gas Stations,美,290,CPRT,Copart Inc. (DE) Common Stock,(底層分類，來自Nasdaq官方sector/industry)
消費(非必需),Department/Specialty Retail Stores,美,291,DLTR,Dollar Tree Inc. Common Stock,(底層分類，來自Nasdaq官方sector/industry)
科技(綜合),Semiconductors,美,292,UMC,United Microelectronics Corporation (NEW) Common Stock,(底層分類，來自Nasdaq官方sector/industry)
晶圓代工,邏輯晶圓代工,美,292,UMC,United Microelectronics Corporation (NEW) Common Stock,聯電美股ADR
生技醫藥,Other Pharmaceuticals,美,293,MCK,McKesson Corporation Common Stock,(底層分類，來自Nasdaq官方sector/industry)
科技(綜合),Computer Software: Prepackaged Software,美,294,MDB,MongoDB Inc. Class A Common Stock,(底層分類，來自Nasdaq官方sector/industry)
消費(非必需),Services-Misc. Amusement & Recreation,美,295,EA,Electronic Arts Inc. Common Stock,(底層分類，來自Nasdaq官方sector/industry)
工業,Industrial Machinery/Components,美,296,NOC,Northrop Grumman Corporation Common Stock,(底層分類，來自Nasdaq官方sector/industry)
軍工/國防,軍機/太空系統,美,296,NOC,Northrop Grumman Corporation Common Stock,諾斯洛普格魯曼
消費(非必需),Marine Transportation,美,297,NCLH,Norwegian Cruise Line Holdings Ltd. Ordinary Shares,(底層分類，來自Nasdaq官方sector/industry)
工業,Plastic Products,美,298,ENTG,Entegris Inc. Common Stock,(底層分類，來自Nasdaq官方sector/industry)
半導體材料,特殊化學品/過濾材料,美,298,ENTG,Entegris Inc. Common Stock,半導體材料廠
不動產,Real Estate Investment Trusts,美,299,WELL,Welltower Inc. Common Stock,(底層分類，來自Nasdaq官方sector/industry)
傳統產業/原材料,Precious Metals,美,300,PAAS,Pan American Silver Corp. Common Stock,(底層分類，來自Nasdaq官方sector/industry)
工業,Metal Fabrications,美,301,HWM,Howmet Aerospace Inc. Common Stock,(底層分類，來自Nasdaq官方sector/industry)
軍工/國防,航太合金零件,美,301,HWM,Howmet Aerospace Inc. Common Stock,航太合金零件廠
電信,Cable & Other Pay Television Services,美,302,ROKU,Roku Inc. Class A Common Stock,(底層分類，來自Nasdaq官方sector/industry)
AI雲端/軟體,串流電視平台與機上盒,美,302,ROKU,Roku Inc. Class A Common Stock,美國最大電視串流作業系統平台與機上盒硬體商
傳統消費,Retail-Drug Stores and Proprietary Stores,美,303,CVS,CVS Health Corporation Common Stock,(底層分類，來自Nasdaq官方sector/industry)
科技(綜合),Computer Software: Prepackaged Software,美,304,S,SentinelOne Inc. Class A Common Stock,(底層分類，來自Nasdaq官方sector/industry)
消費(非必需),Motor Vehicles,美,305,PCAR,PACCAR Inc. Common Stock,(底層分類，來自Nasdaq官方sector/industry)
不動產,Other Consumer Services,美,306,ZCMD,Zhongchao Inc. Class A Ordinary Shares,(底層分類，來自Nasdaq官方sector/industry)
能源,Integrated oil Companies,美,307,MPC,Marathon Petroleum Corporation Common Stock,(底層分類，來自Nasdaq官方sector/industry)
公用事業,Oil/Gas Transmission,美,308,LNG,Cheniere Energy Inc. Common Stock,(底層分類，來自Nasdaq官方sector/industry)
工業,Industrial Machinery/Components,美,309,KEYS,Keysight Technologies Inc. Common Stock,(底層分類，來自Nasdaq官方sector/industry)
其他,Industrial Machinery/Components,美,310,TE,T1 Energy Inc. Common Stock,(底層分類，來自Nasdaq官方sector/industry)
傳統產業/原材料,Precious Metals,美,311,AU,AngloGold Ashanti PLC Ordinary Shares,(底層分類，來自Nasdaq官方sector/industry)
金融,Real Estate,美,312,OPEN,Opendoor Technologies Inc Common Stock,(底層分類，來自Nasdaq官方sector/industry)
科技(綜合),Semiconductors,美,313,SIMO,Silicon Motion Technology Corporation American Depositary Shares,(底層分類，來自Nasdaq官方sector/industry)
IC設計,儲存控制IC,美,313,SIMO,Silicon Motion Technology Corporation American Depositary Shares,SSD控制晶片設計廠
傳統產業/原材料,Precious Metals,美,314,AG,First Majestic Silver Corp. Ordinary Shares (Canada),(底層分類，來自Nasdaq官方sector/industry)
能源,Oil & Gas Production,美,315,OXY,Occidental Petroleum Corporation Common Stock,(底層分類，來自Nasdaq官方sector/industry)
生技醫藥, Medicinal Chemicals and Botanical Products ,美,316,MO,Altria Group Inc.,(底層分類，來自Nasdaq官方sector/industry)
工業,Military/Government/Technical,美,317,RDW,Redwire Corporation Common Stock,(底層分類，來自Nasdaq官方sector/industry)
太空產業,太空基礎設施,美,317,RDW,Redwire Corporation Common Stock,太空基礎設施廠
科技(綜合),Semiconductors,美,318,MTSI,MACOM Technology Solutions Holdings Inc. Common Stock,(底層分類，來自Nasdaq官方sector/industry)
IC設計,射頻與光通訊類比晶片,美,318,MTSI,MACOM Technology Solutions Holdings Inc. Common Stock,電信AI資料中心光通訊與國防高效能類比混合訊號晶片(MACOM)
CPO/光通訊,光通訊類比晶片,美,318,MTSI,MACOM Technology Solutions Holdings Inc. Common Stock,AI資料中心光通訊高效能類比晶片廠
消費(非必需),Business Services,美,319,GRAB,Grab Holdings Limited Class A Ordinary Shares,(底層分類，來自Nasdaq官方sector/industry)
傳統產業/原材料,Precious Metals,美,320,CDE,Coeur Mining Inc. Common Stock,(底層分類，來自Nasdaq官方sector/industry)
金融,Major Banks,美,321,HBAN,Huntington Bancshares Incorporated Common Stock,(底層分類，來自Nasdaq官方sector/industry)
工業,Auto Parts:O.E.M.,美,322,TT,Trane Technologies plc,(底層分類，來自Nasdaq官方sector/industry)
消費(非必需),Oil and Gas Field Machinery,美,323,SEI,Solaris Energy Infrastructure Inc. Class A Common Stock,(底層分類，來自Nasdaq官方sector/industry)
消費(非必需),RETAIL: Building Materials,美,324,QXO,QXO Inc. Common Stock,(底層分類，來自Nasdaq官方sector/industry)
傳統消費,Packaged Foods,美,325,KHC,The Kraft Heinz Company Common Stock,(底層分類，來自Nasdaq官方sector/industry)
科技(綜合),Semiconductors,美,326,PENG,Penguin Solutions Inc. Common Stock,(底層分類，來自Nasdaq官方sector/industry)
科技(綜合),Semiconductors,美,327,AMKR,Amkor Technology Inc. Common Stock,(底層分類，來自Nasdaq官方sector/industry)
封測(OSAT/測試),封測(綜合),美,327,AMKR,Amkor Technology Inc. Common Stock,美國唯一大型OSAT封測大廠
生技醫藥,Medical Specialities,美,328,NTRA,Natera Inc. Common Stock,(底層分類，來自Nasdaq官方sector/industry)
工業,Industrial Machinery/Components,美,329,ONTO,Onto Innovation Inc. Common Stock,(底層分類，來自Nasdaq官方sector/industry)
半導體設備,檢測設備,美,329,ONTO,Onto Innovation Inc. Common Stock,半導體檢測設備廠
工業,Biotechnology: Laboratory Analytical Instruments,美,330,SEER,Seer Inc. Class A Common Stock,(底層分類，來自Nasdaq官方sector/industry)
傳統消費,Beverages (Production/Distribution),美,331,CELH,Celsius Holdings Inc. Common Stock,(底層分類，來自Nasdaq官方sector/industry)
能源,Integrated oil Companies,美,332,VLO,Valero Energy Corporation Common Stock,(底層分類，來自Nasdaq官方sector/industry)
生技醫藥,Biotechnology: Biological Products (No Diagnostic Substances),美,333,ARGX,argenx SE American Depositary Shares,(底層分類，來自Nasdaq官方sector/industry)
傳統產業/原材料,Other Metals and Minerals,美,334,CCJ,Cameco Corporation Common Stock,(底層分類，來自Nasdaq官方sector/industry)
傳統消費,Beverages (Production/Distribution),美,335,BUD,Anheuser-Busch Inbev SA Sponsored ADR (Belgium),(底層分類，來自Nasdaq官方sector/industry)
科技(綜合),Computer Software: Programming Data Processing,美,336,TTD,The Trade Desk Inc. Class A Common Stock,(底層分類，來自Nasdaq官方sector/industry)
科技(綜合),Computer Software: Prepackaged Software,美,337,NTES,NetEase Inc. American Depositary Shares,(底層分類，來自Nasdaq官方sector/industry)
工業,Mining & Quarrying of Nonmetallic Minerals (No Fuels),美,338,LEU,Centrus Energy Corp. Class A Common Stock,(底層分類，來自Nasdaq官方sector/industry)
核能/SMR,鈾濃縮,美,338,LEU,Centrus Energy Corp. Class A Common Stock,核燃料濃縮廠
生技醫藥,Biotechnology: Pharmaceutical Preparations,美,339,GSK,GSK plc American Depositary Shares (Each representing two Ordinary Shares),(底層分類，來自Nasdaq官方sector/industry)
消費(非必需),RETAIL: Building Materials,美,340,LOW,Lowe's Companies Inc. Common Stock,(底層分類，來自Nasdaq官方sector/industry)
工業,Misc Corporate Leasing Services,美,341,FTAI,FTAI Aviation Ltd. Common Stock,(底層分類，來自Nasdaq官方sector/industry)
傳統產業/原材料,Metal Mining,美,342,RIO,Rio Tinto Plc Common Stock,(底層分類，來自Nasdaq官方sector/industry)
消費(非必需),Clothing/Shoe/Accessory Stores,美,343,ROST,Ross Stores Inc. Common Stock,(底層分類，來自Nasdaq官方sector/industry)
科技(綜合),Computer Software: Prepackaged Software,美,344,ADSK,Autodesk Inc. Common Stock,(底層分類，來自Nasdaq官方sector/industry)
科技(綜合),Semiconductors,美,345,ENPH,Enphase Energy Inc. Common Stock,(底層分類，來自Nasdaq官方sector/industry)
綠能/太陽能,太陽能微逆變器,美,345,ENPH,Enphase Energy Inc. Common Stock,太陽能逆變器系統廠
消費(非必需),Telecommunications Equipment,美,346,WCC,WESCO International Inc. Common Stock,(底層分類，來自Nasdaq官方sector/industry)
工業,Diversified Commercial Services,美,347,ADP,Automatic Data Processing Inc. Common Stock,(底層分類，來自Nasdaq官方sector/industry)
工業,Industrial Machinery/Components,美,348,CMI,Cummins Inc. Common Stock,(底層分類，來自Nasdaq官方sector/industry)
工業,Aerospace,美,349,JOBY,Joby Aviation Inc. Common Stock,(底層分類，來自Nasdaq官方sector/industry)
機器人/自動化,eVTOL飛行汽車,美,349,JOBY,Joby Aviation Inc. Common Stock,電動垂直起降飛行器廠
公用事業,Environmental Services,美,350,GFL,GFL Environmental Inc. Subordinate voting shares no par value,(底層分類，來自Nasdaq官方sector/industry)
公用事業,Power Generation,美,351,PCG,Pacific Gas & Electric Co. Common Stock,(底層分類，來自Nasdaq官方sector/industry)
科技(綜合),Computer Software: Prepackaged Software,美,352,TEAM,Atlassian Corporation Class A Common Stock,(底層分類，來自Nasdaq官方sector/industry)
工業,Diversified Commercial Services,美,353,PAYX,Paychex Inc. Common Stock,(底層分類，來自Nasdaq官方sector/industry)
生技醫藥,Industrial Specialties,美,354,EW,Edwards Lifesciences Corporation Common Stock,(底層分類，來自Nasdaq官方sector/industry)
金融,Property-Casualty Insurers,美,355,LMND,Lemonade Inc. Common Stock,(底層分類，來自Nasdaq官方sector/industry)
科技(綜合),Industrial Machinery/Components,美,356,VICR,Vicor Corporation Common Stock,(底層分類，來自Nasdaq官方sector/industry)
生技醫藥,Medical Specialities,美,357,ILMN,Illumina Inc. Common Stock,(底層分類，來自Nasdaq官方sector/industry)
金融,Investment Managers,美,358,BX,Blackstone Inc. Common Stock,(底層分類，來自Nasdaq官方sector/industry)
公用事業,Electric Utilities: Central,美,359,TLN,Talen Energy Corporation Common Stock,(底層分類，來自Nasdaq官方sector/industry)
工業,Broadcasting,美,360,FOXA,Fox Corporation Class A Common Stock,(底層分類，來自Nasdaq官方sector/industry)
工業,Metal Fabrications,美,361,PH,Parker-Hannifin Corporation Common Stock,(底層分類，來自Nasdaq官方sector/industry)
消費(非必需),Recreational Games/Products/Toys,美,362,GMEX,GMEX ROBOTICS CORPORATION Class A Ordinary Shares,(底層分類，來自Nasdaq官方sector/industry)
傳統消費,Beverages (Production/Distribution),美,363,MNST,Monster Beverage Corporation,(底層分類，來自Nasdaq官方sector/industry)
工業,Mining & Quarrying of Nonmetallic Minerals (No Fuels),美,364,MLM,Martin Marietta Materials Inc. Common Stock,(底層分類，來自Nasdaq官方sector/industry)
消費(非必需),Other Specialty Stores,美,365,JD,JD.com Inc. American Depositary Shares,(底層分類，來自Nasdaq官方sector/industry)
工業,Steel/Iron Ore,美,366,CRS,Carpenter Technology Corporation Common Stock,(底層分類，來自Nasdaq官方sector/industry)
傳統產業/原材料,Precious Metals,美,367,WPM,Wheaton Precious Metals Corp Common Shares (Canada),(底層分類，來自Nasdaq官方sector/industry)
生技醫藥,Biotechnology: Pharmaceutical Preparations,美,368,SLS,SELLAS Life Sciences Group Inc. Common Stock,(底層分類，來自Nasdaq官方sector/industry)
傳統消費,Food Chains,美,369,SFM,Sprouts Farmers Market Inc. Common Stock,(底層分類，來自Nasdaq官方sector/industry)
工業,Industrial Machinery/Components,美,370,JCI,Johnson Controls International plc Ordinary Share,(底層分類，來自Nasdaq官方sector/industry)
AI伺服器,智慧建築HVAC與機房空調,美,370,JCI,Johnson Controls International plc Ordinary Share,全球建築空調HVAC與管理系統大廠/受惠AI資料中心水冷機房
消費(非必需),Business Services,美,371,FISV,Fiserv Inc. Common Stock,(底層分類，來自Nasdaq官方sector/industry)
科技(綜合),Computer Software: Prepackaged Software,美,372,XYZ,Block Inc. Class A Common Stock,(底層分類，來自Nasdaq官方sector/industry)
科技(綜合),Electronic Components,美,373,TEL,TE Connectivity plc Ordinary Shares,(底層分類，來自Nasdaq官方sector/industry)
連接器,連接器,美,373,TEL,TE Connectivity plc Ordinary Shares,全球連接器龍頭
公用事業,Electric Utilities: Central,美,374,AEP,American Electric Power Company Inc. Common Stock,(底層分類，來自Nasdaq官方sector/industry)
能源/電力,公用事業電力,美,374,AEP,American Electric Power Company Inc. Common Stock,美國最大公用事業電力公司之一/受惠AI資料中心用電需求
生技醫藥,Biotechnology: Pharmaceutical Preparations,美,375,JAZZ,Jazz Pharmaceuticals plc Common Stock (Ireland),(底層分類，來自Nasdaq官方sector/industry)
金融,Investment Managers,美,376,APO,Apollo Global Management Inc. (New) Common Stock,(底層分類，來自Nasdaq官方sector/industry)
消費(非必需),Restaurants,美,377,WEN,Wendy's Company (The) Common Stock,(底層分類，來自Nasdaq官方sector/industry)
金融,Major Banks,美,378,FITB,Fifth Third Bancorp Common Stock,(底層分類，來自Nasdaq官方sector/industry)
科技(綜合),Semiconductors,美,379,SMTC,Semtech Corporation Common Stock,(底層分類，來自Nasdaq官方sector/industry)
IC設計,類比/混合訊號IC,美,379,SMTC,Semtech Corporation Common Stock,類比IC設計廠
金融,Commercial Banks,美,380,RY,Royal Bank Of Canada Common Stock,(底層分類，來自Nasdaq官方sector/industry)
金融,Major Banks,美,381,BNY,The Bank of New York Mellon Corporation Common Stock,(底層分類，來自Nasdaq官方sector/industry)
生技醫藥,Biotechnology: Pharmaceutical Preparations,美,382,INSM,Insmed Incorporated Common Stock,(底層分類，來自Nasdaq官方sector/industry)
金融,Major Banks,美,383,TFC,Truist Financial Corporation Common Stock,(底層分類，來自Nasdaq官方sector/industry)
消費(非必需),Food Distributors,美,384,USFD,US Foods Holding Corp. Common Stock,(底層分類，來自Nasdaq官方sector/industry)
生技醫藥,Biotechnology: Biological Products (No Diagnostic Substances),美,385,BIIB,Biogen Inc. Common Stock,(底層分類，來自Nasdaq官方sector/industry)
消費(非必需),Other Consumer Services,美,386,TDIC,Dreamland Limited Class A Ordinary Shares,(底層分類，來自Nasdaq官方sector/industry)
生技醫藥,Biotechnology: In Vitro & In Vivo Diagnostic Substances,美,387,IDXX,IDEXX Laboratories Inc. Common Stock,(底層分類，來自Nasdaq官方sector/industry)
工業,Auto Manufacturing,美,388,NIO,NIO Inc. American depositary shares each  representing one Class A ordinary share,(底層分類，來自Nasdaq官方sector/industry)
能源,Integrated oil Companies,美,389,BP,BP p.l.c. Common Stock,(底層分類，來自Nasdaq官方sector/industry)
能源/電力,石油與天然氣/再生能源,美,389,BP,BP p.l.c. Common Stock,歐洲老牌石油超級巨頭/積極轉型風電與再生能源
公用事業,Power Generation,美,390,DUK,Duke Energy Corporation (Holding Company) Common Stock,(底層分類，來自Nasdaq官方sector/industry)
傳統消費,Packaged Foods,美,391,CAG,ConAgra Brands Inc. Common Stock,(底層分類，來自Nasdaq官方sector/industry)
不動產,Real Estate Investment Trusts,美,392,PLD,Prologis Inc. Common Stock,(底層分類，來自Nasdaq官方sector/industry)
科技(綜合),Computer Software: Prepackaged Software,美,393,TENB,Tenable Holdings Inc. Common Stock,(底層分類，來自Nasdaq官方sector/industry)
不動產,Real Estate Investment Trusts,美,394,O,Realty Income Corporation Common Stock,(底層分類，來自Nasdaq官方sector/industry)
科技(綜合),Consumer Electronics/Appliances,美,395,FXHO,UTime Limited Class A Ordinary Shares,(底層分類，來自Nasdaq官方sector/industry)
金融,Finance: Consumer Services,美,396,BTDR,Bitdeer Technologies Group Class A Ordinary Shares,(底層分類，來自Nasdaq官方sector/industry)
科技(綜合),Electrical Products,美,397,JBL,Jabil Inc. Common Stock,(底層分類，來自Nasdaq官方sector/industry)
組裝代工(EMS),電子代工組裝,美,397,JBL,Jabil Inc. Common Stock,電子代工大廠
工業,Industrial Machinery/Components,美,398,LUNR,Intuitive Machines Inc. Class A Common Stock,(底層分類，來自Nasdaq官方sector/industry)
太空產業,月球登陸器,美,398,LUNR,Intuitive Machines Inc. Class A Common Stock,月球登陸器廠
傳統產業/原材料,Metal Mining,美,399,USAR,USA Rare Earth Inc. Class A Common Stock,(底層分類，來自Nasdaq官方sector/industry)
能源,Oil & Gas Production,美,400,DVN,Devon Energy Corporation Common Stock,(底層分類，來自Nasdaq官方sector/industry)
消費(非必需),Air Freight/Delivery Services,美,401,LUV,Southwest Airlines Company Common Stock,(底層分類，來自Nasdaq官方sector/industry)
工業,Steel/Iron Ore,美,402,NUE,Nucor Corporation Common Stock,(底層分類，來自Nasdaq官方sector/industry)
金融,Finance: Consumer Services,美,403,UPST,Upstart Holdings Inc. Common stock,(底層分類，來自Nasdaq官方sector/industry)
科技(綜合),Semiconductors,美,404,AMBA,Ambarella Inc. Ordinary Shares,(底層分類，來自Nasdaq官方sector/industry)
科技(綜合),Consumer Electronics/Appliances,美,405,OTIS,Otis Worldwide Corporation Common Stock ,(底層分類，來自Nasdaq官方sector/industry)
科技(綜合),Computer Software: Prepackaged Software,美,406,FROG,JFrog Ltd. Ordinary Shares,(底層分類，來自Nasdaq官方sector/industry)
消費(非必需),RETAIL: Building Materials,美,407,FAST,Fastenal Company Common Stock,(底層分類，來自Nasdaq官方sector/industry)
科技(綜合),Semiconductors,美,408,SITM,SiTime Corporation Common Stock,(底層分類，來自Nasdaq官方sector/industry)
IC設計,精密計時晶片(MEMS振盪器),美,408,SITM,SiTime Corporation Common Stock,MEMS振盪器設計廠
科技(綜合),Semiconductors,美,409,Q,Qnity Electronics Inc. Common Stock,(底層分類，來自Nasdaq官方sector/industry)
半導體材料,電子材料(DuPont分拆),美,409,Q,Qnity Electronics Inc. Common Stock,半導體電子材料廠
工業,Auto Manufacturing,美,410,GM,General Motors Company Common Stock,(底層分類，來自Nasdaq官方sector/industry)
科技(綜合),Computer Manufacturing,美,411,HPQ,HP Inc. Common Stock,(底層分類，來自Nasdaq官方sector/industry)
傳統產業/原材料,Major Chemicals,美,412,APD,Air Products and Chemicals Inc. Common Stock,(底層分類，來自Nasdaq官方sector/industry)
消費(非必需),Metal Fabrications,美,413,INIO,INNIO N.V. Ordinary Shares,(底層分類，來自Nasdaq官方sector/industry)
工業,Electrical Products,美,414,AEHR,Aehr Test Systems Common Stock,(底層分類，來自Nasdaq官方sector/industry)
工業,Trucking Freight/Courier Services,美,415,UPS,United Parcel Service Inc. Common Stock,(底層分類，來自Nasdaq官方sector/industry)
消費(非必需),Air Freight/Delivery Services,美,416,FDX,FedEx Corporation Common Stock,(底層分類，來自Nasdaq官方sector/industry)
消費(非必需),Other Specialty Stores,美,417,ULTA,Ulta Beauty Inc. Common Stock,(底層分類，來自Nasdaq官方sector/industry)
消費(非必需),Specialty Chemicals,美,418,KVUE,Kenvue Inc. Common Stock,(底層分類，來自Nasdaq官方sector/industry)
傳統產業/原材料,Precious Metals,美,419,KGC,Kinross Gold Corporation Common Stock,(底層分類，來自Nasdaq官方sector/industry)
金融,Specialty Insurers,美,420,AJG,Arthur J. Gallagher & Co. Common Stock,(底層分類，來自Nasdaq官方sector/industry)
工業,Auto Manufacturing,美,421,XPEV,XPeng Inc. American depositary shares each representing two Class A ordinary shares,(底層分類，來自Nasdaq官方sector/industry)
工業,Building Materials,美,422,CRH,CRH PLC Ordinary Shares,(底層分類，來自Nasdaq官方sector/industry)
消費(非必需),Package Goods/Cosmetics,美,423,CL,Colgate-Palmolive Company Common Stock,(底層分類，來自Nasdaq官方sector/industry)
消費(非必需),Package Goods/Cosmetics,美,424,UL,Unilever PLC American Depositary Shares (each representing One Ordinary Share),(底層分類，來自Nasdaq官方sector/industry)
公用事業,Natural Gas Distribution,美,425,WMB,Williams Companies Inc. (The) Common Stock,(底層分類，來自Nasdaq官方sector/industry)
消費(非必需),Homebuilding,美,426,SPHL,Springview Holdings Ltd Class A Ordinary Shares,(底層分類，來自Nasdaq官方sector/industry)
消費(非必需),Marine Transportation,美,427,ZIM,ZIM Integrated Shipping Services Ltd. Ordinary Shares,(底層分類，來自Nasdaq官方sector/industry)
傳統產業/原材料,Metal Mining,美,428,MP,MP Materials Corp. Common Stock,(底層分類，來自Nasdaq官方sector/industry)
消費(非必需),Auto Parts:O.E.M.,美,429,MOD,Modine Manufacturing Company Common Stock,(底層分類，來自Nasdaq官方sector/industry)
消費(非必需),Air Freight/Delivery Services,美,430,JBLU,JetBlue Airways Corporation Common Stock,(底層分類，來自Nasdaq官方sector/industry)
生技醫藥,Biotechnology: Pharmaceutical Preparations,美,431,ROIV,Roivant Sciences Ltd. Common Shares,(底層分類，來自Nasdaq官方sector/industry)
消費(非必需),Retail-Auto Dealers and Gas Stations,美,432,CVNA,Carvana Co. Class A Common Stock,(底層分類，來自Nasdaq官方sector/industry)
科技(綜合),Industrial Machinery/Components,美,433,CW,Curtiss-Wright Corporation Common Stock,(底層分類，來自Nasdaq官方sector/industry)
軍工/國防,航太/國防零件,美,433,CW,Curtiss-Wright Corporation Common Stock,航太精密零件廠
消費(非必需),Diversified Commercial Services,美,434,ABNB,Airbnb Inc. Class A Common Stock,(底層分類，來自Nasdaq官方sector/industry)
科技(綜合),Semiconductors,美,435,VIAV,Viavi Solutions Inc. Common Stock,(底層分類，來自Nasdaq官方sector/industry)
CPO/光通訊,光通訊測試元件,美,435,VIAV,Viavi Solutions Inc. Common Stock,光通訊測試/元件廠
電信,Cable & Other Pay Television Services,美,436,CHTR,Charter Communications Inc. Class A Common Stock New,(底層分類，來自Nasdaq官方sector/industry)
科技(綜合),Semiconductors,美,437,RMBS,Rambus Inc. Common Stock,(底層分類，來自Nasdaq官方sector/industry)
IC設計,記憶體介面IP/晶片,美,437,RMBS,Rambus Inc. Common Stock,記憶體介面技術授權廠
傳統消費,Food Chains,美,438,MSS,Maison Solutions Inc. Class A Common Stock,(底層分類，來自Nasdaq官方sector/industry)
生技醫藥,Biotechnology: Pharmaceutical Preparations,美,439,BBIO,BridgeBio Pharma Inc. Common Stock,(底層分類，來自Nasdaq官方sector/industry)
公用事業,Electric Utilities: Central,美,440,SO,Southern Company (The) Common Stock,(底層分類，來自Nasdaq官方sector/industry)
工業,Military/Government/Technical,美,441,KTOS,Kratos Defense & Security Solutions Inc. Common Stock,(底層分類，來自Nasdaq官方sector/industry)
軍工/國防,無人機/防衛科技,美,441,KTOS,Kratos Defense & Security Solutions Inc. Common Stock,無人機防衛科技廠
科技(綜合),Semiconductors,美,442,UCTT,Ultra Clean Holdings Inc. Common Stock,(底層分類，來自Nasdaq官方sector/industry)
不動產,Real Estate Investment Trusts,美,443,CCI,Crown Castle Inc. Common Stock,(底層分類，來自Nasdaq官方sector/industry)
消費(非必需),Services-Misc. Amusement & Recreation,美,444,DKNG,DraftKings Inc. Class A Common Stock,(底層分類，來自Nasdaq官方sector/industry)
生技醫藥,Biotechnology: Pharmaceutical Preparations,美,445,AXSM,Axsome Therapeutics Inc. Common Stock,(底層分類，來自Nasdaq官方sector/industry)
科技(綜合),Computer Software: Prepackaged Software,美,446,PATH,UiPath Inc. Class A Common Stock,(底層分類，來自Nasdaq官方sector/industry)
科技(綜合),Computer Software: Prepackaged Software,美,447,TWLO,Twilio Inc. Class A Common Stock,(底層分類，來自Nasdaq官方sector/industry)
工業,Industrial Machinery/Components,美,448,NXT,Nextpower Inc. Class A Common Stock,(底層分類，來自Nasdaq官方sector/industry)
金融,Investment Bankers/Brokers/Service,美,449,GLXY,Galaxy Digital Inc. Class A Common Stock,(底層分類，來自Nasdaq官方sector/industry)
不動產,Real Estate Investment Trusts,美,450,AGNC,AGNC Investment Corp. Common Stock,(底層分類，來自Nasdaq官方sector/industry)
消費(非必需),RETAIL: Building Materials,美,451,TSCO,Tractor Supply Company Common Stock,(底層分類，來自Nasdaq官方sector/industry)
能源,Oilfield Services/Equipment,美,452,HAL,Halliburton Company Common Stock,(底層分類，來自Nasdaq官方sector/industry)
科技(綜合),Semiconductors,美,453,SYNA,Synaptics Incorporated Common Stock $0.001 Par Value,(底層分類，來自Nasdaq官方sector/industry)
公用事業,Electric Utilities: Central,美,454,D,Dominion Energy Inc. Common Stock,(底層分類，來自Nasdaq官方sector/industry)
科技(綜合),Computer Software: Prepackaged Software,美,455,ZETA,Zeta Global Holdings Corp. Class A Common Stock,(底層分類，來自Nasdaq官方sector/industry)
工業,Biotechnology: Laboratory Analytical Instruments,美,456,WAT,Waters Corporation Common Stock,(底層分類，來自Nasdaq官方sector/industry)
工業,Water Sewer Pipeline Comm & Power Line Construction,美,457,MTZ,MasTec Inc. Common Stock,(底層分類，來自Nasdaq官方sector/industry)
科技(綜合),Computer Software: Programming Data Processing,美,458,DOCN,DigitalOcean Holdings Inc. Common Stock,(底層分類，來自Nasdaq官方sector/industry)
消費(非必需),Business Services,美,459,AKAM,Akamai Technologies Inc. Common Stock,(底層分類，來自Nasdaq官方sector/industry)
金融,Specialty Insurers,美,460,AON,Aon plc Class A Ordinary Shares (Ireland),(底層分類，來自Nasdaq官方sector/industry)
公用事業,Power Generation,美,461,XEL,Xcel Energy Inc. Common Stock,(底層分類，來自Nasdaq官方sector/industry)
消費(非必需),Package Goods/Cosmetics,美,462,ECL,Ecolab Inc. Common Stock,(底層分類，來自Nasdaq官方sector/industry)
金融,Finance: Consumer Services,美,463,WYFI,WhiteFiber Inc. Ordinary Shares,(底層分類，來自Nasdaq官方sector/industry)
金融,Finance: Consumer Services,美,464,SEZL,Sezzle Inc. Common Stock,(底層分類，來自Nasdaq官方sector/industry)
消費(非必需),Retail-Auto Dealers and Gas Stations,美,465,CASY,Casey's General Stores Inc. Common Stock,(底層分類，來自Nasdaq官方sector/industry)
生技醫藥,Biotechnology: Pharmaceutical Preparations,美,466,NUVL,Nuvalent Inc. Class A Common Stock,(底層分類，來自Nasdaq官方sector/industry)
金融,Finance: Consumer Services,美,467,DAVE,Dave Inc. Class A Common Stock,(底層分類，來自Nasdaq官方sector/industry)
科技(綜合),EDP Services,美,468,INFQ,Infleqtion Inc. Common Stock,(底層分類，來自Nasdaq官方sector/industry)
量子計算,量子感測,美,468,INFQ,Infleqtion Inc. Common Stock,量子感測技術廠
消費(非必需),Transportation Services,美,469,EXPE,Expedia Group Inc. Common Stock,(底層分類，來自Nasdaq官方sector/industry)
金融,Life Insurance,美,470,MET,MetLife Inc. Common Stock,(底層分類，來自Nasdaq官方sector/industry)
科技(綜合),Industrial Machinery/Components,美,471,ACMR,ACM Research Inc. Class A Common Stock,(底層分類，來自Nasdaq官方sector/industry)
半導體設備,蝕刻/清洗設備,美,471,ACMR,ACM Research Inc. Class A Common Stock,半導體設備廠
工業,Major Chemicals,美,472,DOW,Dow Inc. Common Stock ,(底層分類，來自Nasdaq官方sector/industry)
金融,Major Banks,美,473,PNC,PNC Financial Services Group Inc. (The) Common Stock,(底層分類，來自Nasdaq官方sector/industry)
生技醫藥,Biotechnology: Pharmaceutical Preparations,美,474,ONC,BeOne Medicines Ltd. American Depositary Shares,(底層分類，來自Nasdaq官方sector/industry)
科技(綜合),Radio And Television Broadcasting And Communications Equipment,美,475,ERIC,Ericsson American Depositary Shares,(底層分類，來自Nasdaq官方sector/industry)
科技(綜合),Semiconductors,美,476,FORM,FormFactor Inc. FormFactor Inc. Common Stock,(底層分類，來自Nasdaq官方sector/industry)
工業,Aerospace,美,477,ACHR,Archer Aviation Inc. Class A Common Stock,(底層分類，來自Nasdaq官方sector/industry)
能源,Natural Gas Distribution,美,478,ENB,Enbridge Inc Common Stock,(底層分類，來自Nasdaq官方sector/industry)
工業,Steel/Iron Ore,美,479,STLD,Steel Dynamics Inc.,(底層分類，來自Nasdaq官方sector/industry)
其他,Industrial Machinery/Components,美,480,FLNC,Fluence Energy Inc. Class A Common Stock,(底層分類，來自Nasdaq官方sector/industry)
生技醫藥,Biotechnology: Pharmaceutical Preparations,美,481,VERA,Vera Therapeutics Inc. Class A Common Stock,(底層分類，來自Nasdaq官方sector/industry)
工業,Industrial Machinery/Components,美,482,NVT,nVent Electric plc Ordinary Shares ,(底層分類，來自Nasdaq官方sector/industry)
金融,Commercial Banks,美,483,IBN,ICICI Bank Limited Common Stock,(底層分類，來自Nasdaq官方sector/industry)
生技醫藥,Biotechnology: Pharmaceutical Preparations,美,484,SNY,Sanofi ADS,(底層分類，來自Nasdaq官方sector/industry)
金融,Property-Casualty Insurers,美,485,TRV,The Travelers Companies Inc. Common Stock,(底層分類，來自Nasdaq官方sector/industry)
科技(綜合),Radio And Television Broadcasting And Communications Equipment,美,486,VSAT,ViaSat Inc. Common Stock,(底層分類，來自Nasdaq官方sector/industry)
生技醫藥,Medical/Dental Instruments,美,487,DXCM,DexCom Inc. Common Stock,(底層分類，來自Nasdaq官方sector/industry)
生技醫藥,Medical/Nursing Services,美,488,BTSG,BrightSpring Health Services Inc. Common Stock,(底層分類，來自Nasdaq官方sector/industry)
生技醫藥,Medical Electronics,美,489,GEHC,GE HealthCare Technologies Inc. Common Stock ,(底層分類，來自Nasdaq官方sector/industry)
金融,Property-Casualty Insurers,美,490,ALL,Allstate Corporation (The) Common Stock,(底層分類，來自Nasdaq官方sector/industry)
科技(綜合),Semiconductors,美,491,GFS,GlobalFoundries Inc. Ordinary Shares,(底層分類，來自Nasdaq官方sector/industry)
科技(綜合),Computer Software: Prepackaged Software,美,492,SOUN,SoundHound AI Inc Class A Common Stock,(底層分類，來自Nasdaq官方sector/industry)
科技(綜合),Computer Software: Programming Data Processing,美,493,BSP,Bending Spoons S.p.A. Ordinary Shares,(底層分類，來自Nasdaq官方sector/industry)
工業,Marine Transportation,美,494,GD,General Dynamics Corporation Common Stock,(底層分類，來自Nasdaq官方sector/industry)
軍工/國防,潛艦/裝甲車,美,494,GD,General Dynamics Corporation Common Stock,通用動力
生技醫藥,Biotechnology: Pharmaceutical Preparations,美,495,TEVA,Teva Pharmaceutical Industries Limited American Depositary Shares,(底層分類，來自Nasdaq官方sector/industry)
公用事業,Electric Utilities: Central,美,496,NRG,NRG Energy Inc. Common Stock,(底層分類，來自Nasdaq官方sector/industry)
科技(綜合),Semiconductors,美,497,LSCC,Lattice Semiconductor Corporation Common Stock,(底層分類，來自Nasdaq官方sector/industry)
IC設計,FPGA,美,497,LSCC,Lattice Semiconductor Corporation Common Stock,FPGA設計廠
能源,Oil & Gas Production,美,498,EXE,Expand Energy Corporation Common Stock,(底層分類，來自Nasdaq官方sector/industry)
金融,Major Banks,美,499,CFG,Citizens Financial Group Inc. Common Stock,(底層分類，來自Nasdaq官方sector/industry)
金融,Investment Bankers/Brokers/Service,美,500,CBOE,Cboe Global Markets Inc. Common Stock,(底層分類，來自Nasdaq官方sector/industry)
消費(非必需),Food Distributors,美,501,DPZ,Domino's Pizza Inc Common Stock,(底層分類，來自Nasdaq官方sector/industry)
消費(非必需),Business Services,美,502,LYFT,Lyft Inc. Class A Common Stock,(底層分類，來自Nasdaq官方sector/industry)
科技(綜合),Electronic Components,美,503,NTAP,NetApp Inc. Common Stock,(底層分類，來自Nasdaq官方sector/industry)
AI伺服器,企業儲存系統,美,503,NTAP,NetApp Inc. Common Stock,企業級儲存解決方案廠
金融,Investment Bankers/Brokers/Service,美,504,NDAQ,Nasdaq Inc. Common Stock,(底層分類，來自Nasdaq官方sector/industry)
科技(綜合),EDP Services,美,505,TOST,Toast Inc. Class A Common Stock,(底層分類，來自Nasdaq官方sector/industry)
傳統產業/原材料,Metal Mining,美,506,CLF,Cleveland-Cliffs Inc. Common Stock,(底層分類，來自Nasdaq官方sector/industry)
不動產,Real Estate Investment Trusts,美,507,NLY,Annaly Capital Management Inc. Common Stock,(底層分類，來自Nasdaq官方sector/industry)
消費(非必需),Industrial Specialties,美,508,POOL,Pool Corporation Common Stock,(底層分類，來自Nasdaq官方sector/industry)
能源,Oil & Gas Production,美,509,FANG,Diamondback Energy Inc. Common Stock,(底層分類，來自Nasdaq官方sector/industry)
能源,Oil & Gas Production,美,510,EQT,EQT Corporation Common Stock,(底層分類，來自Nasdaq官方sector/industry)
金融,Finance: Consumer Services,美,511,MCO,Moody's Corporation Common Stock,(底層分類，來自Nasdaq官方sector/industry)
金融,Major Banks,美,512,RF,Regions Financial Corporation Common Stock,(底層分類，來自Nasdaq官方sector/industry)
工業,Agricultural Chemicals,美,513,CF,CF Industries Holdings Inc. Common Stock,(底層分類，來自Nasdaq官方sector/industry)
生技醫藥,Medical/Dental Instruments,美,514,MMM,3M Company Common Stock,(底層分類，來自Nasdaq官方sector/industry)
金融,Investment Managers,美,515,KKR,KKR & Co. Inc. Common Stock,(底層分類，來自Nasdaq官方sector/industry)
科技(綜合),Semiconductors,美,516,SWKS,Skyworks Solutions Inc. Common Stock,(底層分類，來自Nasdaq官方sector/industry)
IC設計,RF前端晶片(手機),美,516,SWKS,Skyworks Solutions Inc. Common Stock,手機RF晶片廠
金融,Accident &Health Insurance,美,517,UNM,Unum Group Common Stock,(底層分類，來自Nasdaq官方sector/industry)
科技(綜合),Computer Software: Prepackaged Software,美,518,QUBT,Quantum Computing Inc. Common Stock,(底層分類，來自Nasdaq官方sector/industry)
科技(綜合),Radio And Television Broadcasting And Communications Equipment,美,519,MSI,Motorola Solutions Inc. Common Stock,(底層分類，來自Nasdaq官方sector/industry)
生技醫藥, Medicinal Chemicals and Botanical Products ,美,520,BTI,British American Tobacco  Industries p.l.c. Common Stock ADR,(底層分類，來自Nasdaq官方sector/industry)
能源,Integrated oil Companies,美,521,PSX,Phillips 66 Common Stock,(底層分類，來自Nasdaq官方sector/industry)
傳統消費,Farming/Seeds/Milling,美,522,CTVA,Corteva Inc. Common Stock ,(底層分類，來自Nasdaq官方sector/industry)
工業,Major Chemicals,美,523,ALB,Albemarle Corporation Common Stock,(底層分類，來自Nasdaq官方sector/industry)
能源,Integrated oil Companies,美,524,SU,Suncor Energy  Inc. Common Stock,(底層分類，來自Nasdaq官方sector/industry)
生技醫藥,Biotechnology: Pharmaceutical Preparations,美,525,TGTX,TG Therapeutics Inc. Common Stock,(底層分類，來自Nasdaq官方sector/industry)
消費(非必需),Other Specialty Stores,美,526,DKS,Dick's Sporting Goods Inc Common Stock,(底層分類，來自Nasdaq官方sector/industry)
生技醫藥,Biotechnology: Biological Products (No Diagnostic Substances),美,527,TWST,Twist Bioscience Corporation Common Stock,(底層分類，來自Nasdaq官方sector/industry)
工業,Garments and Clothing,美,528,CTAS,Cintas Corporation Common Stock,(底層分類，來自Nasdaq官方sector/industry)
金融,Finance: Consumer Services,美,529,SLM,SLM Corporation Common Stock,(底層分類，來自Nasdaq官方sector/industry)
生技醫藥,Ophthalmic Goods,美,530,COO,The Cooper Companies Inc. Common Stock,(底層分類，來自Nasdaq官方sector/industry)
科技(綜合),EDP Services,美,531,AUR,Aurora Innovation Inc. Class A Common Stock,(底層分類，來自Nasdaq官方sector/industry)
生技醫藥,Biotechnology: Pharmaceutical Preparations,美,532,ARWR,Arrowhead Pharmaceuticals Inc. Common Stock,(底層分類，來自Nasdaq官方sector/industry)
其他,Miscellaneous,美,533,FERG,Ferguson Enterprises Inc. Common Stock,(底層分類，來自Nasdaq官方sector/industry)
科技(綜合),Computer Software: Prepackaged Software,美,534,PTC,PTC Inc. Common Stock,(底層分類，來自Nasdaq官方sector/industry)
未分類,未分類,美,535,BELFB,Bel Fuse Inc. Class B Common Stock,(底層分類，來自Nasdaq官方sector/industry)
消費(非必需),Business Services,美,536,RELX,RELX PLC PLC American Depositary Shares (Each representing One Ordinary Share),(底層分類，來自Nasdaq官方sector/industry)
金融,Finance: Consumer Services,美,537,RKT,Rocket Companies Inc. Class A Common Stock,(底層分類，來自Nasdaq官方sector/industry)
工業,Trucking Freight/Courier Services,美,538,JBHT,J.B. Hunt Transport Services Inc. Common Stock,(底層分類，來自Nasdaq官方sector/industry)
消費(非必需),Business Services,美,539,EBAY,eBay Inc. Common Stock,(底層分類，來自Nasdaq官方sector/industry)
傳統消費,Beverages (Production/Distribution),美,540,TAP,Molson Coors Beverage Company Class B Common Stock,(底層分類，來自Nasdaq官方sector/industry)
公用事業,Power Generation,美,541,EXC,Exelon Corporation Common Stock,(底層分類，來自Nasdaq官方sector/industry)
科技(綜合),EDP Services,美,542,INFY,Infosys Limited American Depositary Shares,(底層分類，來自Nasdaq官方sector/industry)
生技醫藥,Biotechnology: Pharmaceutical Preparations,美,543,ALNY,Alnylam Pharmaceuticals Inc. Common Stock,(底層分類，來自Nasdaq官方sector/industry)
工業,Steel/Iron Ore,美,544,MT,Arcelor Mittal NY Registry Shares NEW,(底層分類，來自Nasdaq官方sector/industry)
工業,Mining & Quarrying of Nonmetallic Minerals (No Fuels),美,545,TECK,Teck Resources Ltd Ordinary Shares,(底層分類，來自Nasdaq官方sector/industry)
金融,Investment Managers,美,546,OWL,Blue Owl Capital Inc. Class A Common Stock,(底層分類，來自Nasdaq官方sector/industry)
科技(綜合),Computer Software: Prepackaged Software,美,547,HUBS,HubSpot Inc. Common Stock,(底層分類，來自Nasdaq官方sector/industry)
工業,Metal Fabrications,美,548,GTLS,Chart Industries Inc. Common Stock,(底層分類，來自Nasdaq官方sector/industry)
金融,Investment Managers,美,549,ARES,Ares Management Corporation Class A Common Stock,(底層分類，來自Nasdaq官方sector/industry)
科技(綜合),Computer Software: Programming Data Processing,美,550,ZM,Zoom Communications Inc. Class A Common Stock,(底層分類，來自Nasdaq官方sector/industry)
金融,Commercial Banks,美,551,TD,Toronto Dominion Bank (The) Common Stock,(底層分類，來自Nasdaq官方sector/industry)
金融,商業銀行,美,551,TD,Toronto Dominion Bank (The) Common Stock,加拿大多倫多道明銀行/北美大型銀行之一
能源,Oil & Gas Production,美,552,CNQ,Canadian Natural Resources Limited Common Stock,(底層分類，來自Nasdaq官方sector/industry)
消費(非必需),Hotels/Resorts,美,553,HLT,Hilton Worldwide Holdings Inc. Common Stock ,(底層分類，來自Nasdaq官方sector/industry)
生技醫藥,Biotechnology: Biological Products (No Diagnostic Substances),美,554,IBRX,ImmunityBio Inc. Common Stock,(底層分類，來自Nasdaq官方sector/industry)
傳統消費,Beverages (Production/Distribution),美,555,CCEP,Coca-Cola Europacific Partners plc Ordinary Shares,(底層分類，來自Nasdaq官方sector/industry)
消費(非必需),Restaurants,美,556,SDOT,Sadot Group Inc. Common Stock,(底層分類，來自Nasdaq官方sector/industry)
金融,Life Insurance,美,557,PRU,Prudential Financial Inc. Common Stock,(底層分類，來自Nasdaq官方sector/industry)
工業,Diversified Commercial Services,美,558,VRSK,Verisk Analytics Inc. Common Stock,(底層分類，來自Nasdaq官方sector/industry)
科技(綜合),EDP Services,美,559,HNGE,Hinge Health Inc. Class A Common Stock,(底層分類，來自Nasdaq官方sector/industry)
消費(非必需),Metal Fabrications,美,560,RRX,Regal Rexnord Corporation Common Stock,(底層分類，來自Nasdaq官方sector/industry)
消費(非必需),Package Goods/Cosmetics,美,561,ELF,e.l.f. Beauty Inc. Common Stock,(底層分類，來自Nasdaq官方sector/industry)
金融,Finance: Consumer Services,美,562,AFRM,Affirm Holdings Inc. Class A Common Stock,(底層分類，來自Nasdaq官方sector/industry)
工業,Water Sewer Pipeline Comm & Power Line Construction,美,563,MYRG,MYR Group Inc. Common Stock,(底層分類，來自Nasdaq官方sector/industry)
金融,Major Banks,美,564,KEY,KeyCorp Common Stock,(底層分類，來自Nasdaq官方sector/industry)
消費(非必需),Engineering & Construction,美,565,AGX,Argan Inc. Common Stock,(底層分類，來自Nasdaq官方sector/industry)
消費(非必需),Homebuilding,美,566,DHI,D.R. Horton Inc. Common Stock,(底層分類，來自Nasdaq官方sector/industry)
科技(綜合),Computer Software: Programming Data Processing,美,567,FDS,FactSet Research Systems Inc. Common Stock,(底層分類，來自Nasdaq官方sector/industry)
消費(非必需),Services-Misc. Amusement & Recreation,美,568,LYV,Live Nation Entertainment Inc. Common Stock,(底層分類，來自Nasdaq官方sector/industry)
能源,Industrial Machinery/Components,美,569,PLUG,Plug Power Inc. Common Stock,(底層分類，來自Nasdaq官方sector/industry)
消費(非必需),Oil and Gas Field Machinery,美,570,FTI,TechnipFMC plc Ordinary Share,(底層分類，來自Nasdaq官方sector/industry)
科技(綜合),Electronic Components,美,571,NVMI,Nova Ltd. Ordinary Shares,(底層分類，來自Nasdaq官方sector/industry)
半導體設備,檢測設備,美,571,NVMI,Nova Ltd. Ordinary Shares,半導體量測設備廠
電信,Telecommunications Equipment,美,572,TIGO,Millicom International Cellular S.A. Common Stock,(底層分類，來自Nasdaq官方sector/industry)
科技(綜合),Consumer Electronics/Appliances,美,573,EMR,Emerson Electric Company Common Stock,(底層分類，來自Nasdaq官方sector/industry)
科技(綜合),Computer Software: Prepackaged Software,美,574,DUOL,Duolingo Inc. Class A Common Stock,(底層分類，來自Nasdaq官方sector/industry)
科技(綜合),Computer Software: Prepackaged Software,美,575,U,Unity Software Inc. Common Stock,(底層分類，來自Nasdaq官方sector/industry)
公用事業,Natural Gas Distribution,美,576,KMI,Kinder Morgan Inc. Common Stock,(底層分類，來自Nasdaq官方sector/industry)
工業,Industrial Machinery/Components,美,577,ROK,Rockwell Automation Inc. Common Stock,(底層分類，來自Nasdaq官方sector/industry)
機器人/自動化,工廠自動化,美,577,ROK,Rockwell Automation Inc. Common Stock,工廠自動化龍頭
消費(非必需),Restaurants,美,578,TXRH,Texas Roadhouse Inc. Common Stock,(底層分類，來自Nasdaq官方sector/industry)
傳統產業/原材料,Metal Mining,美,579,VALE,VALE S.A.  American Depositary Shares Each Representing one common share,(底層分類，來自Nasdaq官方sector/industry)
工業,Industrial Machinery/Components,美,580,ITW,Illinois Tool Works Inc. Common Stock,(底層分類，來自Nasdaq官方sector/industry)
工業,Biotechnology: Laboratory Analytical Instruments,美,581,BRKR,Bruker Corporation Common Stock,(底層分類，來自Nasdaq官方sector/industry)
消費(非必需),Business Services,美,582,FICO,Fair Isaac Corporation Common Stock,(底層分類，來自Nasdaq官方sector/industry)
工業,Auto Manufacturing,美,583,STLA,Stellantis N.V. Common Shares,(底層分類，來自Nasdaq官方sector/industry)
不動產,Real Estate Investment Trusts,美,584,HST,Host Hotels & Resorts Inc. Common Stock,(底層分類，來自Nasdaq官方sector/industry)
科技(綜合),Semiconductors,美,585,ICHR,Ichor Holdings Ordinary Shares,(底層分類，來自Nasdaq官方sector/industry)
工業,Biotechnology: Laboratory Analytical Instruments,美,586,MTD,Mettler-Toledo International Inc. Common Stock,(底層分類，來自Nasdaq官方sector/industry)
消費(非必需),Metal Fabrications,美,587,GNRC,Generac Holdlings Inc. Common Stock,(底層分類，來自Nasdaq官方sector/industry)
科技(綜合),Retail: Computer Software & Peripheral Equipment,美,588,SNX,TD SYNNEX Corporation Common Stock,(底層分類，來自Nasdaq官方sector/industry)
生技醫藥,Industrial Specialties,美,589,ALGN,Align Technology Inc. Common Stock,(底層分類，來自Nasdaq官方sector/industry)
工業,Precious Metals,美,590,RGLD,Royal Gold Inc. Common Stock,(底層分類，來自Nasdaq官方sector/industry)
工業,Major Chemicals,美,591,NEU,NewMarket Corp Common Stock,(底層分類，來自Nasdaq官方sector/industry)
金融,Savings Institutions,美,592,HSBC,HSBC Holdings plc. Common Stock,(底層分類，來自Nasdaq官方sector/industry)
消費(非必需),Business Services,美,593,MSCI,MSCI Inc. Common Stock,(底層分類，來自Nasdaq官方sector/industry)
消費(非必需),Automotive Aftermarket,美,594,GT,The Goodyear Tire & Rubber Company Common Stock,(底層分類，來自Nasdaq官方sector/industry)
科技(綜合),Computer Software: Prepackaged Software,美,595,NTNX,Nutanix Inc. Class A Common Stock,(底層分類，來自Nasdaq官方sector/industry)
生技醫藥,Biotechnology: Biological Products (No Diagnostic Substances),美,596,NBIX,Neurocrine Biosciences Inc. Common Stock,(底層分類，來自Nasdaq官方sector/industry)
科技(綜合),Semiconductors,美,597,POET,POET Technologies Inc. Common Shares,(底層分類，來自Nasdaq官方sector/industry)
工業,Industrial Machinery/Components,美,598,DOV,Dover Corporation Common Stock,(底層分類，來自Nasdaq官方sector/industry)
科技(綜合),EDP Services,美,599,IOT,Samsara Inc. Class A Common Stock,(底層分類，來自Nasdaq官方sector/industry)
消費(非必需),Homebuilding,美,600,GEO,Geo Group Inc (The) REIT,(底層分類，來自Nasdaq官方sector/industry)
工業,Engineering & Construction,美,601,EME,EMCOR Group Inc. Common Stock,(底層分類，來自Nasdaq官方sector/industry)
金融,Major Banks,美,602,WBS,Webster Financial Corporation Common Stock,(底層分類，來自Nasdaq官方sector/industry)
金融,Investment Bankers/Brokers/Service,美,603,FUTU,Futu Holdings Limited American Depositary Shares,(底層分類，來自Nasdaq官方sector/industry)
金融,Major Banks,美,604,UBS,UBS Group AG Registered Ordinary Shares,(底層分類，來自Nasdaq官方sector/industry)
消費(非必需),Shoe Manufacturing,美,605,DECK,Deckers Outdoor Corporation Common Stock,(底層分類，來自Nasdaq官方sector/industry)
金融,Specialty Insurers,美,606,WTW,Willis Towers Watson Public Limited Company Ordinary Shares,(底層分類，來自Nasdaq官方sector/industry)
生技醫藥,Medical/Dental Instruments,美,607,UFPT,UFP Technologies Inc. Common Stock,(底層分類，來自Nasdaq官方sector/industry)
傳統產業/原材料,Precious Metals,美,608,GFI,Gold Fields Limited American Depositary Shares,(底層分類，來自Nasdaq官方sector/industry)
生技醫藥,Biotechnology: Commercial Physical & Biological Resarch,美,609,INCY,Incyte Corp. Common Stock,(底層分類，來自Nasdaq官方sector/industry)
生技醫藥,Ophthalmic Goods,美,610,ALC,Alcon Inc. Ordinary Shares,(底層分類，來自Nasdaq官方sector/industry)
金融,Major Banks,美,611,DB,Deutsche Bank AG Common Stock,(底層分類，來自Nasdaq官方sector/industry)
消費(非必需),Consumer Electronics/Appliances,美,612,SN,SharkNinja Inc. Ordinary Shares,(底層分類，來自Nasdaq官方sector/industry)
能源,Oil & Gas Production,美,613,EOG,EOG Resources Inc. Common Stock,(底層分類，來自Nasdaq官方sector/industry)
金融,Finance: Consumer Services,美,614,FIGR,Figure Technology Solutions Inc. Class A Common Stock,(底層分類，來自Nasdaq官方sector/industry)
金融,Life Insurance,美,615,AIG,American International Group Inc. New Common Stock,(底層分類，來自Nasdaq官方sector/industry)
公用事業,Electric Utilities: Central,美,616,PPL,PPL Corporation Common Stock,(底層分類，來自Nasdaq官方sector/industry)
消費(非必需),Package Goods/Cosmetics,美,617,EL,Estee Lauder Companies Inc. (The) Common Stock,(底層分類，來自Nasdaq官方sector/industry)
科技(綜合),Computer Software: Prepackaged Software,美,618,QLYS,Qualys Inc. Common Stock,(底層分類，來自Nasdaq官方sector/industry)
金融,Commercial Banks,美,619,BCS,Barclays PLC Common Stock,(底層分類，來自Nasdaq官方sector/industry)
消費(非必需),Air Freight/Delivery Services,美,620,RYAAY,Ryanair Holdings plc American Depositary Shares,(底層分類，來自Nasdaq官方sector/industry)
工業,Military/Government/Technical,美,621,FLY,Firefly Aerospace Inc. Common Stock,(底層分類，來自Nasdaq官方sector/industry)
太空產業,火箭發射,美,621,FLY,Firefly Aerospace Inc. Common Stock,商業火箭發射公司
消費(非必需),Auto & Home Supply Stores,美,622,AAP,Advance Auto Parts Inc.,(底層分類，來自Nasdaq官方sector/industry)
不動產,Building operators,美,623,BN,Brookfield Corporation Class A Limited Voting Shares,(底層分類，來自Nasdaq官方sector/industry)
不動產,Real Estate Investment Trusts,美,624,FRMI,Fermi Inc. Common Stock,(底層分類，來自Nasdaq官方sector/industry)
消費(非必需),Publishing,美,625,TRI,Thomson Reuters Corporation Common Shares,(底層分類，來自Nasdaq官方sector/industry)
工業,Metal Fabrications,美,626,VMI,Valmont Industries Inc. Common Stock,(底層分類，來自Nasdaq官方sector/industry)
傳統產業/原材料,Other Metals and Minerals,美,627,ALM,Almonty Industries Inc. Common Shares,(底層分類，來自Nasdaq官方sector/industry)
傳統消費,Beverages (Production/Distribution),美,628,DEO,Diageo plc Common Stock,(底層分類，來自Nasdaq官方sector/industry)
消費(非必需),Diversified Commercial Services,美,629,URI,United Rentals Inc. Common Stock,(底層分類，來自Nasdaq官方sector/industry)
傳統消費,Packaged Foods,美,630,LWAY,Lifeway Foods Inc. Common Stock,(底層分類，來自Nasdaq官方sector/industry)
科技(綜合),Semiconductors,美,631,ALGM,Allegro MicroSystems Inc. Common Stock,(底層分類，來自Nasdaq官方sector/industry)
工業,Military/Government/Technical,美,632,TDG,Transdigm Group Incorporated Common Stock,(底層分類，來自Nasdaq官方sector/industry)
軍工/國防,航太零件,美,632,TDG,Transdigm Group Incorporated Common Stock,航太零件廠
工業,Industrial Machinery/Components,美,633,GRMN,Garmin Ltd. Common Stock (Switzerland),(底層分類，來自Nasdaq官方sector/industry)
工業,Industrial Specialties,美,634,MTRN,Materion Corporation,(底層分類，來自Nasdaq官方sector/industry)
電信,Telecommunications Equipment,美,635,SKM,SK Telecom Co. Ltd. Common Stock,(底層分類，來自Nasdaq官方sector/industry)
生技醫藥,Biotechnology: In Vitro & In Vivo Diagnostic Substances,美,636,ORKA,Oruka Therapeutics Inc. Common Stock,(底層分類，來自Nasdaq官方sector/industry)
工業,Biotechnology: Laboratory Analytical Instruments,美,637,A,Agilent Technologies Inc. Common Stock,(底層分類，來自Nasdaq官方sector/industry)
公用事業,Water Supply,美,638,AWK,American Water Works Company Inc. Common Stock,(底層分類，來自Nasdaq官方sector/industry)
生技醫藥,Medical/Dental Instruments,美,639,MDLN,Medline Inc. Class A Common Stock,(底層分類，來自Nasdaq官方sector/industry)
消費(非必需),Diversified Commercial Services,美,640,SUNB,Sunbelt Rentals Holdings Inc. Common Stock,(底層分類，來自Nasdaq官方sector/industry)
科技(綜合),EDP Services,美,641,JKHY,Jack Henry & Associates Inc. Common Stock,(底層分類，來自Nasdaq官方sector/industry)
工業,Major Chemicals,美,642,HXL,Hexcel Corporation Common Stock,(底層分類，來自Nasdaq官方sector/industry)
傳統產業/原材料,Precious Metals,美,643,EQX,Equinox Gold Corp. Common Shares,(底層分類，來自Nasdaq官方sector/industry)
能源,Coal Mining,美,644,BHP,BHP Group Limited American Depositary Shares (Each representing two Ordinary Shares),(底層分類，來自Nasdaq官方sector/industry)
工業,Agricultural Chemicals,美,645,NTR,Nutrien Ltd. Common Shares,(底層分類，來自Nasdaq官方sector/industry)
公用事業,Power Generation,美,646,LNT,Alliant Energy Corporation Common Stock,(底層分類，來自Nasdaq官方sector/industry)
能源,Industrial Machinery/Components,美,647,WWD,Woodward Inc. Common Stock,(底層分類，來自Nasdaq官方sector/industry)
工業,Industrial Machinery/Components,美,648,TDY,Teledyne Technologies Incorporated Common Stock,(底層分類，來自Nasdaq官方sector/industry)
生技醫藥,Biotechnology: Pharmaceutical Preparations,美,649,IONS,Ionis Pharmaceuticals Inc. Common Stock,(底層分類，來自Nasdaq官方sector/industry)
生技醫藥,Biotechnology: Pharmaceutical Preparations,美,650,VTRS,Viatris Inc. Common Stock,(底層分類，來自Nasdaq官方sector/industry)
消費(非必需),Department/Specialty Retail Stores,美,651,DG,Dollar General Corporation Common Stock,(底層分類，來自Nasdaq官方sector/industry)
工業,Trucking Freight/Courier Services,美,652,ODFL,Old Dominion Freight Line Inc. Common Stock,(底層分類，來自Nasdaq官方sector/industry)
科技(綜合),Electrical Products,美,653,HUBB,Hubbell Inc Common Stock,(底層分類，來自Nasdaq官方sector/industry)
消費(非必需),Clothing/Shoe/Accessory Stores,美,654,GAP,Gap Inc. (The) Common Stock,(底層分類，來自Nasdaq官方sector/industry)
生技醫藥,Medical Electronics,美,655,BFLY,Butterfly Network Inc. Class A Common Stock,(底層分類，來自Nasdaq官方sector/industry)
不動產,Real Estate Investment Trusts,美,656,SBAC,SBA Communications Corporation Class A Common Stock,(底層分類，來自Nasdaq官方sector/industry)
傳統消費,Packaged Foods,美,657,MKC,McCormick & Company Incorporated Common Stock,(底層分類，來自Nasdaq官方sector/industry)
消費(非必需),Business Services,美,658,TCOM,Trip.com Group Limited American Depositary Shares,(底層分類，來自Nasdaq官方sector/industry)
科技(綜合),Computer peripheral equipment,美,659,LOGI,Logitech International S.A. Ordinary Shares,(底層分類，來自Nasdaq官方sector/industry)
工業,Steel/Iron Ore,美,660,ATI,ATI Inc. Common Stock,(底層分類，來自Nasdaq官方sector/industry)
科技(綜合),Computer Software: Programming Data Processing,美,661,FLUT,Flutter Entertainment plc Ordinary Shares,(底層分類，來自Nasdaq官方sector/industry)
傳統消費,Specialty Foods,美,662,HSY,The Hershey Company Common Stock,(底層分類，來自Nasdaq官方sector/industry)
消費(非必需),Military/Government/Technical,美,663,VSEC,VSE Corporation Common Stock,(底層分類，來自Nasdaq官方sector/industry)
消費(非必需),Department/Specialty Retail Stores,美,664,OLLI,Ollie's Bargain Outlet Holdings Inc. Common Stock,(底層分類，來自Nasdaq官方sector/industry)
工業,Railroads,美,665,CP,Canadian Pacific Kansas City Limited Common Shares,(底層分類，來自Nasdaq官方sector/industry)
生技醫藥,Biotechnology: Biological Products (No Diagnostic Substances),美,666,CRSP,CRISPR Therapeutics AG Common Shares,(底層分類，來自Nasdaq官方sector/industry)
科技(綜合),Computer Software: Programming Data Processing,美,667,PINS,Pinterest Inc. Class A Common Stock,(底層分類，來自Nasdaq官方sector/industry)
其他,Industrial Machinery/Components,美,668,EOSE,Eos Energy Enterprises Inc. Class A Common Stock,(底層分類，來自Nasdaq官方sector/industry)
消費(非必需),Restaurants,美,669,CAVA,CAVA Group Inc. Common Stock,(底層分類，來自Nasdaq官方sector/industry)
生技醫藥,Medical Specialities,美,670,OSCR,Oscar Health Inc. Class A Common Stock,(底層分類，來自Nasdaq官方sector/industry)
工業,Major Chemicals,美,671,LYB,LyondellBasell Industries NV Ordinary Shares Class A (Netherlands),(底層分類，來自Nasdaq官方sector/industry)
不動產,Other Consumer Services,美,672,CVSA,Covista Inc. Common Shares,(底層分類，來自Nasdaq官方sector/industry)
生技醫藥,Biotechnology: Pharmaceutical Preparations,美,673,INDV,Indivior Pharmaceuticals Inc. Common Stock,(底層分類，來自Nasdaq官方sector/industry)
生技醫藥,Biotechnology: Pharmaceutical Preparations,美,674,ATAI,AtaiBeckley Inc. Common Stock,(底層分類，來自Nasdaq官方sector/industry)
科技(綜合),Computer Software: Prepackaged Software,美,675,CHKP,Check Point Software Technologies Ltd. Ordinary Shares,(底層分類，來自Nasdaq官方sector/industry)
金融,Major Banks,美,676,PB,Prosperity Bancshares Inc. Common Stock,(底層分類，來自Nasdaq官方sector/industry)
生技醫藥,Biotechnology: Commercial Physical & Biological Resarch,美,677,CRL,Charles River Laboratories International Inc. Common Stock,(底層分類，來自Nasdaq官方sector/industry)
生技醫藥,Hospital/Nursing Management,美,678,THC,Tenet Healthcare Corporation Common Stock,(底層分類，來自Nasdaq官方sector/industry)
公用事業,Natural Gas Distribution,美,679,TRP,TC Energy Corporation Common Stock,(底層分類，來自Nasdaq官方sector/industry)
科技(綜合),EDP Services,美,680,INOD,Innodata Inc. Common Stock,(底層分類，來自Nasdaq官方sector/industry)
科技(綜合),Semiconductors,美,681,SEDG,SolarEdge Technologies Inc. Common Stock,(底層分類，來自Nasdaq官方sector/industry)
科技(綜合),Retail: Computer Software & Peripheral Equipment,美,682,CDW,CDW Corporation Common Stock,(底層分類，來自Nasdaq官方sector/industry)
生技醫藥,Industrial Specialties,美,683,ZBH,Zimmer Biomet Holdings Inc. Common Stock,(底層分類，來自Nasdaq官方sector/industry)
公用事業,Natural Gas Distribution,美,684,ET,Energy Transfer LP Common Units ,(底層分類，來自Nasdaq官方sector/industry)
工業,Precious Metals,美,685,SSRM,SSR Mining Inc. Common Stock,(底層分類，來自Nasdaq官方sector/industry)
金融,Investment Managers,美,686,AMP,Ameriprise Financial Inc. Common Stock,(底層分類，來自Nasdaq官方sector/industry)
生技醫藥,Medical/Dental Instruments,美,687,PODD,Insulet Corporation Common Stock,(底層分類，來自Nasdaq官方sector/industry)
金融,Commercial Banks,美,688,SAN,Banco Santander S.A. Sponsored ADR (Spain),(底層分類，來自Nasdaq官方sector/industry)
消費(非必需),Restaurants,美,689,SHAK,Shake Shack Inc. Class A Common Stock,(底層分類，來自Nasdaq官方sector/industry)
金融,Commercial Banks,美,690,ING,ING Group N.V. Common Stock,(底層分類，來自Nasdaq官方sector/industry)
傳統產業/原材料,Precious Metals,美,691,AGI,Alamos Gold Inc. Class A Common Shares,(底層分類，來自Nasdaq官方sector/industry)
消費(非必需),Other Specialty Stores,美,692,PEW,GrabAGun Digital Holdings Inc. Common Stock,(底層分類，來自Nasdaq官方sector/industry)
科技(綜合),Computer Software: Programming Data Processing,美,693,SNAP,Snap Inc. Class A Common Stock,(底層分類，來自Nasdaq官方sector/industry)
工業,Railroads,美,694,NSC,Norfolk Southern Corporation Common Stock,(底層分類，來自Nasdaq官方sector/industry)
消費(非必需),Hotels/Resorts,美,695,CZR,Caesars Entertainment Inc. Common Stock,(底層分類，來自Nasdaq官方sector/industry)
其他,Industrial Machinery/Components,美,696,QS,QuantumScape Corporation Class A Common Stock,(底層分類，來自Nasdaq官方sector/industry)
電池/儲能,固態電池,美,696,QS,QuantumScape Corporation Class A Common Stock,固態電池研發廠
電信,Telecommunications Equipment,美,697,LUMN,Lumen Technologies Inc. Common Stock,(底層分類，來自Nasdaq官方sector/industry)
消費(非必需),Broadcasting,美,698,SIRI,SiriusXM Holdings Inc. Common Stock,(底層分類，來自Nasdaq官方sector/industry)
工業,Office Equipment/Supplies/Services,美,699,GWW,W.W. Grainger Inc. Common Stock,(底層分類，來自Nasdaq官方sector/industry)
傳統消費,Packaged Foods,美,700,CPB,The Campbell's Company Common Stock,(底層分類，來自Nasdaq官方sector/industry)
